Date,Year,Site_location,LONGITUDE,LATITUDE,Region,Site_number,Species_name,Schnitzler_name,Valente_name,Collection_no,Plant_no,LMA,Canopy_area,LWratio,FWC
7/25/2011,2011,De_Hoop,20.42117,-34.44317,De_Hoop,PR_2000,obtusifolia,Protea_obtusifolia,Probtu,1,1,0.041976906,37699.11184,6.333333333,1.061425061
7/25/2011,2011,De_Hoop,20.42117,-34.44317,De_Hoop,PR_2000,obtusifolia,Protea_obtusifolia,Probtu,1,2,0.041716117,306305.2837,3.545454545,1.034068136
7/25/2011,2011,De_Hoop,20.42117,-34.44317,De_Hoop,PR_2000,obtusifolia,Protea_obtusifolia,Probtu,1,3,0.043968204,56705.7474,4.863636364,0.947674419
7/25/2011,2011,De_Hoop,20.42117,-34.44317,De_Hoop,PR_2000,obtusifolia,Protea_obtusifolia,Probtu,1,4,0.050144485,49087.38521,6.380952381,0.937238494
7/25/2011,2011,De_Hoop,20.42117,-34.44317,De_Hoop,PR_2000,obtusifolia,Protea_obtusifolia,Probtu,1,5,0.038843012,149225.651,4.857142857,1.067857143
7/25/2011,2011,De_Hoop,20.42117,-34.44317,De_Hoop,PR_2000,obtusifolia,Protea_obtusifolia,Probtu,1,6,0.039649914,98960.16859,4.470588235,1.110619469
7/25/2011,2011,De_Hoop,20.42117,-34.44317,De_Hoop,PR_2000,obtusifolia,Protea_obtusifolia,Probtu,1,7,0.04630432,35342.91735,4.75,1.127272727
7/25/2011,2011,De_Hoop,20.42117,-34.44317,De_Hoop,PR_2000,obtusifolia,Protea_obtusifolia,Probtu,1,8,0.041994114,65973.44573,4.40625,1.004769475
7/26/2011,2011,Noetsie,20.73684,-34.44121,De_Hoop,PR_2001,lanceolata,Protea_lanceolata,Prlanc,2,1,0.015909091,12016.5919,4.666666667,1.885714286
7/26/2011,2011,Noetsie,20.73684,-34.44121,De_Hoop,PR_2001,lanceolata,Protea_lanceolata,Prlanc,2,2,0.016858238,13194.68915,4.888888889,1.772727273
7/26/2011,2011,Noetsie,20.73684,-34.44121,De_Hoop,PR_2001,lanceolata,Protea_lanceolata,Prlanc,2,3,0.026842105,15315.26419,5.6,1.176470588
7/26/2011,2011,Noetsie,20.73684,-34.44121,De_Hoop,PR_2001,lanceolata,Protea_lanceolata,Prlanc,2,4,0.018947368,7068.583471,5.111111111,1.518518519
7/26/2011,2011,Noetsie,20.73684,-34.44121,De_Hoop,PR_2001,lanceolata,Protea_lanceolata,Prlanc,2,5,0.018412698,12252.21135,5.555555556,1.620689655
7/26/2011,2011,Noetsie,20.73684,-34.44121,De_Hoop,PR_2001,lanceolata,Protea_lanceolata,Prlanc,2,6,0.024,6283.185307,4.666666667,1.490196078
7/26/2011,2011,Noetsie,20.73684,-34.44121,De_Hoop,PR_2001,lanceolata,Protea_lanceolata,Prlanc,2,7,0.020532319,98174.77042,4.222222222,1.481481481
7/26/2011,2011,Noetsie,20.73684,-34.44121,De_Hoop,PR_2001,lanceolata,Protea_lanceolata,Prlanc,2,8,0.024110672,2591.813939,4.142857143,1.442622951
7/26/2011,2011,Potberg_Road_1,20.70683,-34.43172,De_Hoop,PR_2002,repens,Protea_repens,Prrepe,3,1,0.030142805,15079.64474,10.33333333,.
7/26/2011,2011,Potberg_Road_1,20.70683,-34.43172,De_Hoop,PR_2002,repens,Protea_repens,Prrepe,3,2,0.031891232,36049.7757,8.818181818,0.990291262
7/26/2011,2011,Potberg_Road_1,20.70683,-34.43172,De_Hoop,PR_2002,repens,Protea_repens,Prrepe,3,3,0.027369094,4712.38898,9.1,1.204819277
7/26/2011,2011,Potberg_Road_1,20.70683,-34.43172,De_Hoop,PR_2002,repens,Protea_repens,Prrepe,3,4,0.027206183,8796.45943,8.454545455,1.222222222
7/26/2011,2011,Potberg_Road_1,20.70683,-34.43172,De_Hoop,PR_2002,repens,Protea_repens,Prrepe,3,5,0.028754149,69978.97636,11.77777778,.
7/26/2011,2011,Potberg_Road_1,20.70683,-34.43172,De_Hoop,PR_2002,repens,Protea_repens,Prrepe,3,6,0.02901368,10602.87521,7.916666667,.
7/26/2011,2011,Potberg_Road_1,20.70683,-34.43172,De_Hoop,PR_2002,repens,Protea_repens,Prrepe,3,7,0.031603,7539.822369,7,.
7/26/2011,2011,Potberg_Road_1,20.70683,-34.43172,De_Hoop,PR_2002,repens,Protea_repens,Prrepe,3,8,0.030881971,6047.565858,7.6,.
7/26/2011,2011,Potberg_Road_1,20.70683,-34.43172,De_Hoop,PR_2002,neriifolia,Protea_neriifolia,Prneri,4,1,0.028553219,9346.238144,4,1.017857143
7/26/2011,2011,Potberg_Road_1,20.70683,-34.43172,De_Hoop,PR_2002,neriifolia,Protea_neriifolia,Prneri,4,2,0.032496156,37699.11184,3.923076923,0.924290221
7/26/2011,2011,Potberg_Road_1,20.70683,-34.43172,De_Hoop,PR_2002,neriifolia,Protea_neriifolia,Prneri,4,3,0.031405656,26389.37829,4.96,1.002688172
7/26/2011,2011,Potberg_Road_1,20.70683,-34.43172,De_Hoop,PR_2002,neriifolia,Protea_neriifolia,Prneri,4,4,0.035253456,13823.00768,5.181818182,0.862745098
7/26/2011,2011,Potberg_Road_1,20.70683,-34.43172,De_Hoop,PR_2002,neriifolia,Protea_neriifolia,Prneri,4,5,0.024908425,13823.00768,5.28,1.290441176
7/26/2011,2011,Potberg_Road_1,20.70683,-34.43172,De_Hoop,PR_2002,neriifolia,Protea_neriifolia,Prneri,4,6,0.031318681,41469.02303,2.8,1.154385965
7/26/2011,2011,Potberg_Road_1,20.70683,-34.43172,De_Hoop,PR_2002,neriifolia,Protea_neriifolia,Prneri,4,7,0.032613909,26703.53756,4.76,1.041176471
7/26/2011,2011,Potberg_Road_1,20.70683,-34.43172,De_Hoop,PR_2002,neriifolia,Protea_neriifolia,Prneri,4,8,0.031319911,62831.85307,4.2,1.126190476
7/27/2011,2011,Potberg_Trail_1,20.57179,-34.37743,De_Hoop,PR_2003,coronata,Protea_coronata,Prcoro,5,1,0.016237624,30630.52837,2.952380952,1.073170732
7/27/2011,2011,Potberg_Trail_1,20.57179,-34.37743,De_Hoop,PR_2003,coronata,Protea_coronata,Prcoro,5,2,0.019207317,20420.35225,5.611111111,1.170634921
7/27/2011,2011,Potberg_Trail_1,20.57179,-34.37743,De_Hoop,PR_2003,coronata,Protea_coronata,Prcoro,5,3,0.016049383,2591.813939,3.2,1.064102564
7/27/2011,2011,Potberg_Trail_1,20.57179,-34.37743,De_Hoop,PR_2003,coronata,Protea_coronata,Prcoro,5,4,0.019597315,8168.140899,3.8,1.01369863
7/27/2011,2011,Potberg_Trail_1,20.57179,-34.37743,De_Hoop,PR_2003,coronata,Protea_coronata,Prcoro,5,5,0.016622691,13351.76878,4.333333333,1.087301587
7/27/2011,2011,Potberg_Trail_1,20.57179,-34.37743,De_Hoop,PR_2003,coronata,Protea_coronata,Prcoro,5,6,0.015057573,1256.637061,4.388888889,1.188235294
7/27/2011,2011,Potberg_Trail_1,20.57179,-34.37743,De_Hoop,PR_2003,coronata,Protea_coronata,Prcoro,5,7,0.016582064,549.7787144,4.692307692,1.040816327
7/27/2011,2011,Potberg_Trail_1,20.57179,-34.37743,De_Hoop,PR_2003,coronata,Protea_coronata,Prcoro,5,8,0.01733871,8168.140899,2.952380952,1.005813953
7/27/2011,2011,Potberg_Trail_2,20.57062,-34.3763,De_Hoop,PR_2004,aurea_potbergensis,Protea_aurea,Praure,6,1,0.026949384,314.1592654,1.870967742,1.296954315
7/27/2011,2011,Potberg_Trail_2,20.57062,-34.3763,De_Hoop,PR_2004,aurea_potbergensis,Protea_aurea,Praure,6,2,0.02213198,471.238898,1.295454545,1.440366972
7/27/2011,2011,Potberg_Trail_2,20.57062,-34.3763,De_Hoop,PR_2004,aurea_potbergensis,Protea_aurea,Praure,6,3,0.025766871,687.223393,1.685714286,1.378571429
7/27/2011,2011,Potberg_Trail_2,20.57062,-34.3763,De_Hoop,PR_2004,aurea_potbergensis,Protea_aurea,Praure,6,4,0.0278125,6283.185307,1.833333333,1.325842697
7/27/2011,2011,Potberg_Trail_2,20.57062,-34.3763,De_Hoop,PR_2004,aurea_potbergensis,Protea_aurea,Praure,6,5,0.023743186,3769.911184,2.03125,1.24744898
7/27/2011,2011,Potberg_Trail_2,20.57062,-34.3763,De_Hoop,PR_2004,aurea_potbergensis,Protea_aurea,Praure,6,6,0.028851816,706.8583471,1.234042553,1.278911565
7/27/2011,2011,Potberg_Trail_2,20.57062,-34.3763,De_Hoop,PR_2004,aurea_potbergensis,Protea_aurea,Praure,6,7,0.023476298,1099.557429,1.828571429,1.350961538
7/27/2011,2011,Potberg_Trail_2,20.57062,-34.3763,De_Hoop,PR_2004,denticulata,Protea_denticulata,Prdent,7,3,0.030282114,235.619449,11.875,1.435064935
7/27/2011,2011,Potberg_Trail_2,20.57062,-34.3763,De_Hoop,PR_2004,denticulata,Protea_denticulata,Prdent,7,4,0.031815366,628.3185307,19.22222222,1.503496503
7/27/2011,2011,Potberg_Trail_2,20.57062,-34.3763,De_Hoop,PR_2004,denticulata,Protea_denticulata,Prdent,7,5,0.041736313,117.8097245,19.28571429,1.277777778
7/27/2011,2011,Potberg_Trail_2,20.57062,-34.3763,De_Hoop,PR_2004,denticulata,Protea_denticulata,Prdent,7,6,0.0594305,235.619449,18,1.049342105
7/27/2011,2011,Potberg_Trail_2,20.57062,-34.3763,De_Hoop,PR_2004,denticulata,Protea_denticulata,Prdent,7,7,0.053159595,2375.829444,24.6,1.13125
7/28/2011,2011,Lekkerwater,20.64887,-34.42734,De_Hoop,PR_2005,susannae,Protea_susannae,Prsusa,8,1,0.028694053,107442.4688,5.571428571,1.072649573
7/28/2011,2011,Lekkerwater,20.64887,-34.42734,De_Hoop,PR_2005,susannae,Protea_susannae,Prsusa,8,2,0.025986079,14419.91028,9.266666667,1.208333333
7/28/2011,2011,Lekkerwater,20.64887,-34.42734,De_Hoop,PR_2005,susannae,Protea_susannae,Prsusa,8,3,0.031515152,107442.4688,5.5,1.214285714
7/28/2011,2011,Lekkerwater,20.64887,-34.42734,De_Hoop,PR_2005,susannae,Protea_susannae,Prsusa,8,4,0.026099707,168860.6051,4.523809524,1.151685393
7/28/2011,2011,Lekkerwater,20.64887,-34.42734,De_Hoop,PR_2005,susannae,Protea_susannae,Prsusa,8,5,0.029865041,56548.66776,5,1.096209913
7/28/2011,2011,Lekkerwater,20.64887,-34.42734,De_Hoop,PR_2005,susannae,Protea_susannae,Prsusa,8,6,0.028132579,117903.9723,5.888888889,1.465517241
7/28/2011,2011,Lekkerwater,20.64887,-34.42734,De_Hoop,PR_2005,susannae,Protea_susannae,Prsusa,8,7,0.02706383,70685.83471,5.647058824,1.188679245
7/28/2011,2011,Lekkerwater,20.64887,-34.42734,De_Hoop,PR_2005,susannae,Protea_susannae,Prsusa,8,8,0.029288703,140429.1916,3.411764706,1.142857143
7/28/2011,2011,Lekkerwater,20.64887,-34.42734,De_Hoop,PR_2005,obtusifolia,Protea_obtusifolia,Probtu,9,1,0.029885556,131711.272,7.8125,1.287958115
7/28/2011,2011,Lekkerwater,20.64887,-34.42734,De_Hoop,PR_2005,obtusifolia,Protea_obtusifolia,Probtu,9,3,0.034892932,95661.4963,3.222222222,1.236434109
7/28/2011,2011,Lekkerwater,20.64887,-34.42734,De_Hoop,PR_2005,obtusifolia,Protea_obtusifolia,Probtu,9,5,0.037359109,40408.73551,2.837837838,1.40552017
7/28/2011,2011,Lekkerwater,20.64887,-34.42734,De_Hoop,PR_2005,obtusifolia,Protea_obtusifolia,Probtu,9,6,0.027766232,11213.91498,3.666666667,1.290734824
7/28/2011,2011,Lekkerwater,20.64887,-34.42734,De_Hoop,PR_2005,obtusifolia,Protea_obtusifolia,Probtu,9,7,0.031902305,103206.0311,4.034482759,1.395886889
7/28/2011,2011,Lekkerwater,20.64887,-34.42734,De_Hoop,PR_2005,obtusifolia,Protea_obtusifolia,Probtu,9,8,0.031395624,22619.46711,3.966666667,1.286472149
7/28/2011,2011,Potberg_Trail_3,20.54655,-34.36737,De_Hoop,PR_2006,cynaroides,Protea_cynaroides,Prcyna,10,1,0.048795445,589.0486225,1.857260274,1.564770932
7/28/2011,2011,Potberg_Trail_3,20.54655,-34.36737,De_Hoop,PR_2006,cynaroides,Protea_cynaroides,Prcyna,10,2,0.034764398,235.619449,1.649848485,2.10866575
7/28/2011,2011,Potberg_Trail_3,20.54655,-34.36737,De_Hoop,PR_2006,cynaroides,Protea_cynaroides,Prcyna,10,3,0.037968928,14294.24657,1.845301205,2.238626609
7/28/2011,2011,Potberg_Trail_3,20.54655,-34.36737,De_Hoop,PR_2006,cynaroides,Protea_cynaroides,Prcyna,10,4,0.040869037,785.3981634,1.740408163,1.861076345
7/28/2011,2011,Potberg_Trail_3,20.54655,-34.36737,De_Hoop,PR_2006,cynaroides,Protea_cynaroides,Prcyna,10,5,0.048136923,2474.004215,2.17125,1.311229947
7/28/2011,2011,Potberg_Trail_3,20.54655,-34.36737,De_Hoop,PR_2006,cynaroides,Protea_cynaroides,Prcyna,10,6,0.06014195,392.6990817,1.849,1.456121343
7/28/2011,2011,Potberg_Trail_3,20.54655,-34.36737,De_Hoop,PR_2006,cynaroides,Protea_cynaroides,Prcyna,10,7,0.046217494,981.7477042,1.647205882,1.964165733
7/28/2011,2011,Potberg_Trail_3,20.54655,-34.36737,De_Hoop,PR_2006,cynaroides,Protea_cynaroides,Prcyna,10,8,0.04743382,1363.451212,1.995820896,1.47007722
7/30/2011,2011,Baviaanskloof_1,24.11971,-33.697,Baviaanskloof,PR_2007,mundii,Protea_mundii,Prmund,11,1,0.012737692,30591.25846,5.806451613,1.511247444
7/30/2011,2011,Baviaanskloof_1,24.11971,-33.697,Baviaanskloof,PR_2007,mundii,Protea_mundii,Prmund,11,2,0.02093207,5360.342465,4.095238095,1.38490566
7/30/2011,2011,Baviaanskloof_1,24.11971,-33.697,Baviaanskloof,PR_2007,mundii,Protea_mundii,Prmund,11,3,0.026256078,18790.65106,3.727272727,1.512345679
7/30/2011,2011,Baviaanskloof_1,24.11971,-33.697,Baviaanskloof,PR_2007,mundii,Protea_mundii,Prmund,11,4,0.02619699,33811.39093,3.36,1.407310705
7/30/2011,2011,Baviaanskloof_1,24.11971,-33.697,Baviaanskloof,PR_2007,mundii,Protea_mundii,Prmund,11,5,0.021352161,15601.93452,3.35483871,1.605210421
7/30/2011,2011,Baviaanskloof_1,24.11971,-33.697,Baviaanskloof,PR_2007,mundii,Protea_mundii,Prmund,11,6,0.020729237,11545.353,3.625,1.456026059
7/30/2011,2011,Baviaanskloof_1,24.11971,-33.697,Baviaanskloof,PR_2007,mundii,Protea_mundii,Prmund,11,7,0.027010804,22428.61535,3.46875,1.263703704
7/30/2011,2011,Baviaanskloof_1,24.11971,-33.697,Baviaanskloof,PR_2007,mundii,Protea_mundii,Prmund,11,8,0.027693064,21912.60876,3.535714286,1.429840142
7/30/2011,2011,Baviaanskloof_1,24.11971,-33.697,Baviaanskloof,PR_2007,eximia,Protea_eximia,Prexim,12,1,0.023300209,5654.866776,2.369565217,1.45342312
7/30/2011,2011,Baviaanskloof_1,24.11971,-33.697,Baviaanskloof,PR_2007,eximia,Protea_eximia,Prexim,12,2,0.022950233,1492.25651,2.085106383,1.698907956
7/30/2011,2011,Baviaanskloof_1,24.11971,-33.697,Baviaanskloof,PR_2007,eximia,Protea_eximia,Prexim,12,3,0.022593897,6283.185307,2.8,1.387012987
7/30/2011,2011,Baviaanskloof_1,24.11971,-33.697,Baviaanskloof,PR_2007,eximia,Protea_eximia,Prexim,12,4,0.020854922,12959.0697,3.340425532,1.430641822
7/30/2011,2011,Baviaanskloof_1,24.11971,-33.697,Baviaanskloof,PR_2007,eximia,Protea_eximia,Prexim,12,5,0.024566349,10221.9571,2.352941176,1.233009709
7/30/2011,2011,Baviaanskloof_1,24.11971,-33.697,Baviaanskloof,PR_2007,eximia,Protea_eximia,Prexim,12,6,0.01705146,4898.528345,2.558139535,1.747145188
7/30/2011,2011,Baviaanskloof_1,24.11971,-33.697,Baviaanskloof,PR_2007,eximia,Protea_eximia,Prexim,12,7,0.016831218,2730.829414,3.476190476,1.391061453
7/30/2011,2011,Baviaanskloof_1,24.11971,-33.697,Baviaanskloof,PR_2007,eximia,Protea_eximia,Prexim,12,8,0.01941811,24520.13066,4.513513514,1.62962963
7/30/2011,2011,Baviaanskloof_2,24.13613,-33.69302,Baviaanskloof,PR_2008,tenax,Protea_tenax,Prtena,13,1,0.029602575,8207.410808,13.8,1.209345794
7/30/2011,2011,Baviaanskloof_2,24.13613,-33.69302,Baviaanskloof,PR_2008,tenax,Protea_tenax,Prtena,13,2,0.034726545,13194.68915,4.315789474,1.217325228
7/30/2011,2011,Baviaanskloof_2,24.13613,-33.69302,Baviaanskloof,PR_2008,tenax,Protea_tenax,Prtena,13,3,0.03800111,10818.8597,7.4,1.127438231
7/30/2011,2011,Baviaanskloof_2,24.13613,-33.69302,Baviaanskloof,PR_2008,tenax,Protea_tenax,Prtena,13,4,0.038425514,10210.17612,9.538461538,1.166666667
7/30/2011,2011,Baviaanskloof_2,24.13613,-33.69302,Baviaanskloof,PR_2008,tenax,Protea_tenax,Prtena,13,5,0.032982883,3835.88463,5.291666667,1.782945736
7/30/2011,2011,Baviaanskloof_2,24.13613,-33.69302,Baviaanskloof,PR_2008,tenax,Protea_tenax,Prtena,13,6,0.033155402,2368.760861,6.823529412,1.286956522
7/30/2011,2011,Baviaanskloof_2,24.13613,-33.69302,Baviaanskloof,PR_2008,tenax,Protea_tenax,Prtena,13,7,0.033057226,9801.769079,8.352941176,1.235701906
7/30/2011,2011,Baviaanskloof_2,24.13613,-33.69302,Baviaanskloof,PR_2008,tenax,Protea_tenax,Prtena,13,8,0.036313241,5238.60575,7.823529412,1.152917505
7/31/2011,2011,Baviaanskloof_3,24.08711,-33.52221,Baviaanskloof,PR_2009,lorifolia,Protea_lorifolia,Prlori,14,1,0.046609755,32986.72286,4.46875,1.083535109
7/31/2011,2011,Baviaanskloof_3,24.08711,-33.52221,Baviaanskloof,PR_2009,lorifolia,Protea_lorifolia,Prlori,14,2,0.05156418,31376.65663,4.575757576,0.927795874
7/31/2011,2011,Baviaanskloof_3,24.08711,-33.52221,Baviaanskloof,PR_2009,lorifolia,Protea_lorifolia,Prlori,14,3,0.053588205,11191.92383,4.3,0.914228723
7/31/2011,2011,Baviaanskloof_3,24.08711,-33.52221,Baviaanskloof,PR_2009,lorifolia,Protea_lorifolia,Prlori,14,4,0.045200874,47752.20833,5.4375,1.015463918
7/31/2011,2011,Baviaanskloof_3,24.08711,-33.52221,Baviaanskloof,PR_2009,lorifolia,Protea_lorifolia,Prlori,14,5,0.039038918,3369.358121,5.451612903,1.428776978
7/31/2011,2011,Baviaanskloof_3,24.08711,-33.52221,Baviaanskloof,PR_2009,lorifolia,Protea_lorifolia,Prlori,14,6,0.040888122,1820.552943,3.611111111,1.137795276
7/31/2011,2011,Baviaanskloof_3,24.08711,-33.52221,Baviaanskloof,PR_2009,lorifolia,Protea_lorifolia,Prlori,14,7,0.038840967,2238.384766,5.954545455,1.180751174
7/31/2011,2011,Baviaanskloof_3,24.08711,-33.52221,Baviaanskloof,PR_2009,lorifolia,Protea_lorifolia,Prlori,14,8,0.044421511,1130.973355,4.321428571,1.205197133
7/31/2011,2011,Baviaanskloof_4,24.08932,-33.52353,Baviaanskloof,PR_2010,intonsa,Protea_intonsa,Printo,15,1,0.051656519,1665.044106,27.2,1.627659574
7/31/2011,2011,Baviaanskloof_4,24.08932,-33.52353,Baviaanskloof,PR_2010,intonsa,Protea_intonsa,Printo,15,2,0.045664381,1413.716694,26.8,1.279279279
7/31/2011,2011,Baviaanskloof_4,24.08932,-33.52353,Baviaanskloof,PR_2010,intonsa,Protea_intonsa,Printo,15,3,0.045219481,1413.716694,28,1.4375
7/31/2011,2011,Baviaanskloof_4,24.08932,-33.52353,Baviaanskloof,PR_2010,intonsa,Protea_intonsa,Printo,15,4,0.037025365,1283.340599,21.4,1.285714286
7/31/2011,2011,Baviaanskloof_4,24.08932,-33.52353,Baviaanskloof,PR_2010,intonsa,Protea_intonsa,Printo,15,5,0.034555579,1696.460033,36.25,1.435483871
7/31/2011,2011,Baviaanskloof_4,24.08932,-33.52353,Baviaanskloof,PR_2010,intonsa,Protea_intonsa,Printo,15,6,0.043849788,1256.637061,28.2,1.161971831
7/31/2011,2011,Baviaanskloof_4,24.08932,-33.52353,Baviaanskloof,PR_2010,intonsa,Protea_intonsa,Printo,15,7,0.047261116,1484.402529,44.66666667,1.379310345
7/31/2011,2011,Baviaanskloof_4,24.08932,-33.52353,Baviaanskloof,PR_2010,intonsa,Protea_intonsa,Printo,15,8,0.072348305,549.7787144,34,1.378787879
7/31/2011,2011,Baviaanskloof_5,24.08797,-33.5228,Baviaanskloof,PR_2011,repens,Protea_repens,Prrepe,16,1,0.034332545,3828.816047,8.333333333,0.878571429
7/31/2011,2011,Baviaanskloof_5,24.08797,-33.5228,Baviaanskloof,PR_2011,repens,Protea_repens,Prrepe,16,2,0.028073514,2356.19449,7.545454545,1.03164557
7/31/2011,2011,Baviaanskloof_5,24.08797,-33.5228,Baviaanskloof,PR_2011,repens,Protea_repens,Prrepe,16,3,0.029510277,3078.760801,8,0.994047619
7/31/2011,2011,Baviaanskloof_5,24.08797,-33.5228,Baviaanskloof,PR_2011,repens,Protea_repens,Prrepe,16,4,0.032245777,904.7786842,6.3,1.052238806
7/31/2011,2011,Baviaanskloof_5,24.08797,-33.5228,Baviaanskloof,PR_2011,repens,Protea_repens,Prrepe,16,5,0.030175338,589.0486225,7.8,1.133802817
7/31/2011,2011,Baviaanskloof_5,24.08797,-33.5228,Baviaanskloof,PR_2011,repens,Protea_repens,Prrepe,16,6,0.029766617,1484.402529,7.777777778,1.10483871
7/31/2011,2011,Baviaanskloof_5,24.08797,-33.5228,Baviaanskloof,PR_2011,repens,Protea_repens,Prrepe,16,7,0.034073362,1570.796327,10,1
7/31/2011,2011,Baviaanskloof_5,24.08797,-33.5228,Baviaanskloof,PR_2011,repens,Protea_repens,Prrepe,16,8,0.03180803,1255.851663,8.875,0.99122807
7/31/2011,2011,Baviaanskloof_5,24.08797,-33.5228,Baviaanskloof,PR_2011,punctata,Protea_punctata,Prpunc,17,1,0.032858708,1121.548577,2.208333333,1.006666667
7/31/2011,2011,Baviaanskloof_5,24.08797,-33.5228,Baviaanskloof,PR_2011,punctata,Protea_punctata,Prpunc,17,2,0.024272818,1162.389282,2.076923077,1.516528926
7/31/2011,2011,Baviaanskloof_5,24.08797,-33.5228,Baviaanskloof,PR_2011,punctata,Protea_punctata,Prpunc,17,3,0.027497315,2497.56616,2.681818182,1.29296875
7/31/2011,2011,Baviaanskloof_5,24.08797,-33.5228,Baviaanskloof,PR_2011,punctata,Protea_punctata,Prpunc,17,4,0.029097283,1884.955592,2.791666667,1.322289157
7/31/2011,2011,Baviaanskloof_5,24.08797,-33.5228,Baviaanskloof,PR_2011,punctata,Protea_punctata,Prpunc,17,5,0.025340136,1163.960078,2.185185185,1.667785235
7/31/2011,2011,Baviaanskloof_5,24.08797,-33.5228,Baviaanskloof,PR_2011,punctata,Protea_punctata,Prpunc,17,6,0.025410734,3359.933343,2.04,1.387931034
7/31/2011,2011,Baviaanskloof_5,24.08797,-33.5228,Baviaanskloof,PR_2011,punctata,Protea_punctata,Prpunc,17,7,0.022008957,2968.805058,2.290322581,1.415697674
7/31/2011,2011,Baviaanskloof_5,24.08797,-33.5228,Baviaanskloof,PR_2011,punctata,Protea_punctata,Prpunc,17,8,0.024921728,1439.634834,2.322580645,1.512562814
8/3/2011,2011,Swartberg_1,22.10204,-33.36777,Swartberg,PR_2012,nitida,Protea_nitida,Prniti,18,1,0.020348837,294524.3113,3.074074074,2.088571429
8/3/2011,2011,Swartberg_1,22.10204,-33.36777,Swartberg,PR_2012,nitida,Protea_nitida,Prniti,18,2,0.029993645,16493.36143,3.756097561,1.642655367
8/3/2011,2011,Swartberg_1,22.10204,-33.36777,Swartberg,PR_2012,nitida,Protea_nitida,Prniti,18,3,0.022823268,16022.12253,2.421052632,1.711038961
8/3/2011,2011,Swartberg_1,22.10204,-33.36777,Swartberg,PR_2012,nitida,Protea_nitida,Prniti,18,4,0.035155897,72570.7903,2.90625,1.437017995
8/3/2011,2011,Swartberg_1,22.10204,-33.36777,Swartberg,PR_2012,nitida,Protea_nitida,Prniti,18,5,0.031800766,33379.42194,3.24137931,1.375
8/3/2011,2011,Swartberg_1,22.10204,-33.36777,Swartberg,PR_2012,nitida,Protea_nitida,Prniti,18,6,0.031343284,12959.0697,2.838709677,1.465079365
8/3/2011,2011,Swartberg_1,22.10204,-33.36777,Swartberg,PR_2012,nitida,Protea_nitida,Prniti,18,7,0.022422803,10956.30438,2.424242424,2.957627119
8/3/2011,2011,Swartberg_1,22.10204,-33.36777,Swartberg,PR_2012,nitida,Protea_nitida,Prniti,18,8,0.032758621,18221.23739,3,1.584795322
8/3/2011,2011,Swartberg_1,22.10204,-33.36777,Swartberg,PR_2012,repens,Protea_repens,Prrepe,19,1,0.02152827,48380.52687,10.66666667,1.533333333
8/3/2011,2011,Swartberg_1,22.10204,-33.36777,Swartberg,PR_2012,repens,Protea_repens,Prrepe,19,2,0.020992565,4712.38898,11.66666667,1.316666667
8/3/2011,2011,Swartberg_1,22.10204,-33.36777,Swartberg,PR_2012,repens,Protea_repens,Prrepe,19,3,0.024209306,43982.29715,15,1.188888889
8/3/2011,2011,Swartberg_1,22.10204,-33.36777,Swartberg,PR_2012,repens,Protea_repens,Prrepe,19,4,0.026345541,17592.91886,10.375,1.12745098
8/3/2011,2011,Swartberg_1,22.10204,-33.36777,Swartberg,PR_2012,repens,Protea_repens,Prrepe,19,5,0.026904165,35460.72708,10.54545455,1.120689655
8/3/2011,2011,Swartberg_1,22.10204,-33.36777,Swartberg,PR_2012,repens,Protea_repens,Prrepe,19,6,0.030337934,37699.11184,13.5,0.962962963
8/3/2011,2011,Swartberg_1,22.10204,-33.36777,Swartberg,PR_2012,repens,Protea_repens,Prrepe,19,7,0.027638614,2474.004215,12,1.035714286
8/3/2011,2011,Swartberg_1,22.10204,-33.36777,Swartberg,PR_2012,repens,Protea_repens,Prrepe,19,8,0.024362648,34321.89974,11.33333333,1.319444444
8/3/2011,2011,Teeberg,22.04331,-33.32918,Swartberg,PR_2013,punctata,Protea_punctata,Prpunc,20,1,0.036623748,4665.265091,2.238095238,1.09375
8/3/2011,2011,Teeberg,22.04331,-33.32918,Swartberg,PR_2013,punctata,Protea_punctata,Prpunc,20,2,0.036466591,1963.495408,1.941176471,0.903726708
8/3/2011,2011,Teeberg,22.04331,-33.32918,Swartberg,PR_2013,punctata,Protea_punctata,Prpunc,20,3,0.034128706,4655.840313,2.1,0.970338983
8/3/2011,2011,Teeberg,22.04331,-33.32918,Swartberg,PR_2013,punctata,Protea_punctata,Prpunc,20,4,0.034307497,4084.07045,3.052631579,0.977777778
8/3/2011,2011,Teeberg,22.04331,-33.32918,Swartberg,PR_2013,punctata,Protea_punctata,Prpunc,20,5,0.031721035,30316.36911,2.083333333,1.219858156
8/3/2011,2011,Teeberg,22.04331,-33.32918,Swartberg,PR_2013,punctata,Protea_punctata,Prpunc,20,6,0.03001443,10115.92834,2.888888889,1.115384615
8/3/2011,2011,Teeberg,22.04331,-33.32918,Swartberg,PR_2013,punctata,Protea_punctata,Prpunc,20,7,0.026138032,15374.16905,2.76,1.16011236
8/3/2011,2011,Teeberg,22.04331,-33.32918,Swartberg,PR_2013,punctata,Protea_punctata,Prpunc,20,8,0.029338447,20781.6354,2.652173913,1.490196078
8/3/2011,2011,Teeberg,22.04331,-33.32918,Swartberg,PR_2013,canaliculata,Protea_canaliculata,Prcana,21,1,0.032047019,2261.946711,9,0.953125
8/3/2011,2011,Teeberg,22.04331,-33.32918,Swartberg,PR_2013,canaliculata,Protea_canaliculata,Prcana,21,2,0.034026504,9032.078879,8.714285714,1.010204082
8/3/2011,2011,Teeberg,22.04331,-33.32918,Swartberg,PR_2013,canaliculata,Protea_canaliculata,Prcana,21,3,0.034666251,5073.672136,8.142857143,0.826530612
8/3/2011,2011,Teeberg,22.04331,-33.32918,Swartberg,PR_2013,canaliculata,Protea_canaliculata,Prcana,21,4,0.036201978,1633.62818,8.714285714,0.965116279
8/3/2011,2011,Teeberg,22.04331,-33.32918,Swartberg,PR_2013,canaliculata,Protea_canaliculata,Prcana,21,5,0.039324887,7068.583471,11,0.8625
8/3/2011,2011,Teeberg,22.04331,-33.32918,Swartberg,PR_2013,canaliculata,Protea_canaliculata,Prcana,21,6,0.035114003,13548.11832,7.125,1.085106383
8/3/2011,2011,Teeberg,22.04331,-33.32918,Swartberg,PR_2013,canaliculata,Protea_canaliculata,Prcana,21,7,0.038623324,44924.77495,8,0.9
8/3/2011,2011,Teeberg,22.04331,-33.32918,Swartberg,PR_2013,canaliculata,Protea_canaliculata,Prcana,21,8,0.033738709,7147.123287,8.4,0.94
8/4/2011,2011,Waboomberg_1,22.03298,-33.35236,Swartberg,PR_2014,venusta,Protea_venusta,Prvenu,22,1,0.020349393,55939.19879,2.923076923,1.805555556
8/4/2011,2011,Waboomberg_1,22.03298,-33.35236,Swartberg,PR_2014,venusta,Protea_venusta,Prvenu,22,2,0.024067968,53912.87153,4,1.619402985
8/4/2011,2011,Waboomberg_1,22.03298,-33.35236,Swartberg,PR_2014,venusta,Protea_venusta,Prvenu,22,3,0.027334674,51070.51557,1.95,1.388157895
8/4/2011,2011,Waboomberg_1,22.03298,-33.35236,Swartberg,PR_2014,venusta,Protea_venusta,Prvenu,22,4,0.020586766,14102.60942,2.111111111,1.836734694
8/4/2011,2011,Waboomberg_1,22.03298,-33.35236,Swartberg,PR_2014,venusta,Protea_venusta,Prvenu,22,5,0.025649429,15393.804,3,1.552083333
8/4/2011,2011,Waboomberg_1,22.03298,-33.35236,Swartberg,PR_2014,venusta,Protea_venusta,Prvenu,22,6,0.026505705,8332.289115,3.066666667,1.568965517
8/4/2011,2011,Waboomberg_1,22.03298,-33.35236,Swartberg,PR_2014,venusta,Protea_venusta,Prvenu,22,7,0.028647612,1963.495408,3.166666667,1.414634146
8/4/2011,2011,Waboomberg_1,22.03298,-33.35236,Swartberg,PR_2014,venusta,Protea_venusta,Prvenu,22,8,0.023296394,53092.91585,3.571428571,1.62037037
8/4/2011,2011,Waboomberg_1,22.03298,-33.35236,Swartberg,PR_2014,montana,Protea_montana,Prmont,23,1,0.010897995,1727.875959,13.75,1.541666667
8/4/2011,2011,Waboomberg_1,22.03298,-33.35236,Swartberg,PR_2014,montana,Protea_montana,Prmont,23,2,0.011797183,18178.82589,14.25,1.555555556
8/4/2011,2011,Waboomberg_1,22.03298,-33.35236,Swartberg,PR_2014,montana,Protea_montana,Prmont,23,3,0.01624666,9676.105373,26.66666667,1.333333333
8/4/2011,2011,Waboomberg_1,22.03298,-33.35236,Swartberg,PR_2014,montana,Protea_montana,Prmont,23,4,0.01361903,4103.705404,2.733333333,1.269230769
8/4/2011,2011,Waboomberg_1,22.03298,-33.35236,Swartberg,PR_2014,montana,Protea_montana,Prmont,23,5,0.007257842,15550.88364,45,1.928571429
8/4/2011,2011,Waboomberg_1,22.03298,-33.35236,Swartberg,PR_2014,montana,Protea_montana,Prmont,23,6,0.015105118,6911.503838,27.66666667,1.444444444
8/4/2011,2011,Waboomberg_1,22.03298,-33.35236,Swartberg,PR_2014,montana,Protea_montana,Prmont,23,7,0.017475262,5073.672136,19,1.5
8/4/2011,2011,Waboomberg_1,22.03298,-33.35236,Swartberg,PR_2014,montana,Protea_montana,Prmont,23,8,0.019871686,1884.955592,29.5,1.269230769
8/4/2011,2011,Waboomberg_2,21.3147,-33.3765,Swartberg,PR_2015,scolopendriifolia,Protea_scolopendriifolia,Prsclp,24,1,0.034425872,408.407045,7.866666667,0.879084967
8/4/2011,2011,Waboomberg_2,21.3147,-33.3765,Swartberg,PR_2015,scolopendriifolia,Protea_scolopendriifolia,Prsclp,24,2,0.040520121,1570.796327,5.723404255,0.867007673
8/4/2011,2011,Waboomberg_2,21.3147,-33.3765,Swartberg,PR_2015,scolopendriifolia,Protea_scolopendriifolia,Prsclp,24,3,0.043014207,1382.300768,5.534883721,0.910218254
8/4/2011,2011,Waboomberg_2,21.3147,-33.3765,Swartberg,PR_2015,scolopendriifolia,Protea_scolopendriifolia,Prsclp,24,4,0.047425088,1166.316273,9.102564103,0.900268336
8/4/2011,2011,Waboomberg_2,21.3147,-33.3765,Swartberg,PR_2015,scolopendriifolia,Protea_scolopendriifolia,Prsclp,24,5,0.037237999,1661.117116,4.939393939,1.061023622
8/4/2011,2011,Waboomberg_2,21.3147,-33.3765,Swartberg,PR_2015,scolopendriifolia,Protea_scolopendriifolia,Prsclp,24,6,0.04499863,3826.459852,6.864864865,0.884806356
8/4/2011,2011,Waboomberg_2,21.3147,-33.3765,Swartberg,PR_2015,scolopendriifolia,Protea_scolopendriifolia,Prsclp,24,7,0.033390387,379.3473129,3.825,1.109227872
8/4/2011,2011,Waboomberg_2,21.3147,-33.3765,Swartberg,PR_2015,scolopendriifolia,Protea_scolopendriifolia,Prsclp,24,8,0.048217342,742.9866626,6.475,0.847118959
8/6/2011,2011,Seweweekspoort_1_pro,21.3147,-33.3765,Swartberg,PR_2016,sulphurea,Protea_sulphurea,Prsulp,25,1,0.039884393,40251.65587,2.8,0.768115942
8/6/2011,2011,Seweweekspoort_1_pro,21.3147,-33.3765,Swartberg,PR_2016,sulphurea,Protea_sulphurea,Prsulp,25,2,0.029850746,57176.9863,2.9,1.166666667
8/6/2011,2011,Seweweekspoort_1_pro,21.3147,-33.3765,Swartberg,PR_2016,sulphurea,Protea_sulphurea,Prsulp,25,3,0.029955947,71863.93195,3.1,1.264705882
8/6/2011,2011,Seweweekspoort_1_pro,21.3147,-33.3765,Swartberg,PR_2016,sulphurea,Protea_sulphurea,Prsulp,25,4,0.029955947,75457.12855,2.818181818,1.411764706
8/6/2011,2011,Seweweekspoort_1_pro,21.3147,-33.3765,Swartberg,PR_2016,sulphurea,Protea_sulphurea,Prsulp,25,5,0.0288,125506.6265,2.444444444,1.333333333
8/6/2011,2011,Seweweekspoort_1_pro,21.3147,-33.3765,Swartberg,PR_2016,sulphurea,Protea_sulphurea,Prsulp,25,6,0.027433628,173792.9056,3.5,1.258064516
8/6/2011,2011,Seweweekspoort_1_pro,21.3147,-33.3765,Swartberg,PR_2016,sulphurea,Protea_sulphurea,Prsulp,25,7,0.024074074,11435.39726,4.5,1.384615385
8/6/2011,2011,Seweweekspoort_1_pro,21.3147,-33.3765,Swartberg,PR_2016,sulphurea,Protea_sulphurea,Prsulp,25,8,0.030243902,47249.55351,3,1.225806452
8/6/2011,2011,Seweweekspoort_2_pro,21.3138,-33.37821,Swartberg,PR_2017,lorifolia,Protea_lorifolia,Prlori,26,1,0.048084324,54977.87144,7.09375,0.980836237
8/6/2011,2011,Seweweekspoort_2_pro,21.3138,-33.37821,Swartberg,PR_2017,lorifolia,Protea_lorifolia,Prlori,26,2,0.03662655,26860.61719,4.255319149,1.075301205
8/6/2011,2011,Seweweekspoort_2_pro,21.3138,-33.37821,Swartberg,PR_2017,lorifolia,Protea_lorifolia,Prlori,26,3,0.039106573,51679.19915,6.46875,0.96281407
8/6/2011,2011,Seweweekspoort_2_pro,21.3138,-33.37821,Swartberg,PR_2017,lorifolia,Protea_lorifolia,Prlori,26,4,0.045822244,69978.97636,6,0.920850561
8/6/2011,2011,Seweweekspoort_2_pro,21.3138,-33.37821,Swartberg,PR_2017,lorifolia,Protea_lorifolia,Prlori,26,5,0.054133027,128176.9803,5.828571429,0.94261424
8/6/2011,2011,Seweweekspoort_2_pro,21.3138,-33.37821,Swartberg,PR_2017,lorifolia,Protea_lorifolia,Prlori,26,6,0.046329037,69978.97636,7.214285714,0.999048978
8/6/2011,2011,Seweweekspoort_2_pro,21.3138,-33.37821,Swartberg,PR_2017,lorifolia,Protea_lorifolia,Prlori,26,7,0.042820164,56209.37576,5.428571429,1.004688233
8/6/2011,2011,Seweweekspoort_2_pro,21.3138,-33.37821,Swartberg,PR_2017,lorifolia,Protea_lorifolia,Prlori,26,8,0.056112982,104010.2788,6.59375,0.962689194
8/7/2011,2011,Garcia_Pass_1,21.21965,-33.9572,Garcia_Pass,PR_2018,eximia,Protea_eximia,Prexim,27,1,0.021567164,5006.913292,1.76056338,1.523183391
8/7/2011,2011,Garcia_Pass_1,21.21965,-33.9572,Garcia_Pass,PR_2018,eximia,Protea_eximia,Prexim,27,2,0.019411012,2297.289628,1.679245283,1.572559367
8/7/2011,2011,Garcia_Pass_1,21.21965,-33.9572,Garcia_Pass,PR_2018,eximia,Protea_eximia,Prexim,27,3,0.022180763,1413.716694,1.9,1.394392523
8/7/2011,2011,Garcia_Pass_1,21.21965,-33.9572,Garcia_Pass,PR_2018,eximia,Protea_eximia,Prexim,27,4,0.021745428,530.1437603,1.391304348,1.478767694
8/7/2011,2011,Garcia_Pass_1,21.21965,-33.9572,Garcia_Pass,PR_2018,eximia,Protea_eximia,Prexim,27,5,0.021462912,490.8738521,2.083333333,1.584
8/7/2011,2011,Garcia_Pass_1,21.21965,-33.9572,Garcia_Pass,PR_2018,eximia,Protea_eximia,Prexim,27,6,0.023734055,1570.796327,2.259259259,1.385993485
8/7/2011,2011,Garcia_Pass_1,21.21965,-33.9572,Garcia_Pass,PR_2018,eximia,Protea_eximia,Prexim,27,7,0.023301238,1492.25651,2.085106383,1.506493506
8/7/2011,2011,Garcia_Pass_1,21.21965,-33.9572,Garcia_Pass,PR_2018,eximia,Protea_eximia,Prexim,27,8,0.028308138,1017.87602,1.982142857,1.14557425
8/7/2011,2011,Garcia_Pass_1,21.21965,-33.9572,Garcia_Pass,PR_2018,aurea,Protea_aurea,Praure,28,1,0.023251029,8482.300165,2.3,1.213864307
8/7/2011,2011,Garcia_Pass_1,21.21965,-33.9572,Garcia_Pass,PR_2018,aurea,Protea_aurea,Praure,28,2,0.026763894,1099.557429,2.333333333,0.998527246
8/7/2011,2011,Garcia_Pass_1,21.21965,-33.9572,Garcia_Pass,PR_2018,aurea,Protea_aurea,Praure,28,3,0.024178712,4712.38898,2.757575758,1.27173913
8/7/2011,2011,Garcia_Pass_1,21.21965,-33.9572,Garcia_Pass,PR_2018,aurea,Protea_aurea,Praure,28,4,0.023348214,2199.114858,3.206896552,1.307839388
8/7/2011,2011,Garcia_Pass_1,21.21965,-33.9572,Garcia_Pass,PR_2018,aurea,Protea_aurea,Praure,28,5,0.021755123,1727.875959,2,1.311594203
8/7/2011,2011,Garcia_Pass_1,21.21965,-33.9572,Garcia_Pass,PR_2018,aurea,Protea_aurea,Praure,28,6,0.023537234,1209.513172,3.541666667,1.307909605
8/7/2011,2011,Garcia_Pass_1,21.21965,-33.9572,Garcia_Pass,PR_2018,aurea,Protea_aurea,Praure,28,7,0.022191324,706.8583471,1.631578947,1.328320802
8/7/2011,2011,Garcia_Pass_1,21.21965,-33.9572,Garcia_Pass,PR_2018,aurea,Protea_aurea,Praure,28,8,0.026988775,1178.097245,2.625,1.17721519
8/7/2011,2011,Garcia_Pass_1,21.21965,-33.9572,Garcia_Pass,PR_2018,neriifolia,Protea_neriifolia,Prneri,29,1,0.025113858,1060.287521,8.733333333,1.212435233
8/7/2011,2011,Garcia_Pass_1,21.21965,-33.9572,Garcia_Pass,PR_2018,neriifolia,Protea_neriifolia,Prneri,29,2,0.022863404,1570.796327,13.07692308,1.121405751
8/7/2011,2011,Garcia_Pass_1,21.21965,-33.9572,Garcia_Pass,PR_2018,neriifolia,Protea_neriifolia,Prneri,29,3,0.025074806,2945.243113,8.111111111,1.176610979
8/7/2011,2011,Garcia_Pass_1,21.21965,-33.9572,Garcia_Pass,PR_2018,neriifolia,Protea_neriifolia,Prneri,29,4,0.025424795,4673.119072,6.666666667,1.091584158
8/7/2011,2011,Garcia_Pass_1,21.21965,-33.9572,Garcia_Pass,PR_2018,neriifolia,Protea_neriifolia,Prneri,29,5,0.031182213,2356.19449,6.15,1.024347826
8/7/2011,2011,Garcia_Pass_1,21.21965,-33.9572,Garcia_Pass,PR_2018,neriifolia,Protea_neriifolia,Prneri,29,6,0.031536189,687.223393,4.947368421,1.044496487
8/7/2011,2011,Garcia_Pass_1,21.21965,-33.9572,Garcia_Pass,PR_2018,neriifolia,Protea_neriifolia,Prneri,29,7,0.029280984,2650.718801,6.045454545,1.064620355
8/7/2011,2011,Garcia_Pass_1,21.21965,-33.9572,Garcia_Pass,PR_2018,neriifolia,Protea_neriifolia,Prneri,29,8,0.030124348,1256.637061,5.2,1.046604527
8/7/2011,2011,Garcia_Pass_2,21.2198,-33.96794,Garcia_Pass,PR_2019,repens,Protea_repens,Prrepe,30,1,0.027551906,13194.68915,16.14285714,1.235294118
8/7/2011,2011,Garcia_Pass_2,21.2198,-33.96794,Garcia_Pass,PR_2019,repens,Protea_repens,Prrepe,30,2,0.039207614,4948.008429,12,1.0234375
8/7/2011,2011,Garcia_Pass_2,21.2198,-33.96794,Garcia_Pass,PR_2019,repens,Protea_repens,Prrepe,30,3,0.027673251,5772.676501,11.42857143,1.117647059
8/7/2011,2011,Garcia_Pass_2,21.2198,-33.96794,Garcia_Pass,PR_2019,repens,Protea_repens,Prrepe,30,4,0.030685334,8011.061267,10.85714286,1.103448276
8/7/2011,2011,Garcia_Pass_2,21.2198,-33.96794,Garcia_Pass,PR_2019,repens,Protea_repens,Prrepe,30,5,0.025354199,2120.575041,16.66666667,1.071428571
8/7/2011,2011,Garcia_Pass_2,21.2198,-33.96794,Garcia_Pass,PR_2019,repens,Protea_repens,Prrepe,30,6,0.029731587,10720.68493,17.66666667,1.084615385
8/7/2011,2011,Garcia_Pass_2,21.2198,-33.96794,Garcia_Pass,PR_2019,repens,Protea_repens,Prrepe,30,7,0.023594922,4712.38898,15,1.340909091
8/7/2011,2011,Garcia_Pass_2,21.2198,-33.96794,Garcia_Pass,PR_2019,repens,Protea_repens,Prrepe,30,8,0.022446383,4476.769531,18.16666667,1.326086957
8/8/2011,2011,Garcia_Pass_3,21.18967,-33.95616,Garcia_Pass,PR_2020,cynaroides,Protea_cynaroides,Prcyna,31,1,0.027626459,2035.75204,2.214285714,1.869352869
8/8/2011,2011,Garcia_Pass_3,21.18967,-33.95616,Garcia_Pass,PR_2020,cynaroides,Protea_cynaroides,Prcyna,31,2,0.026684324,7068.583471,1.813953488,2.118291347
8/8/2011,2011,Garcia_Pass_3,21.18967,-33.95616,Garcia_Pass,PR_2020,cynaroides,Protea_cynaroides,Prcyna,31,3,0.032161235,2120.575041,2.891304348,1.739726027
8/8/2011,2011,Garcia_Pass_3,21.18967,-33.95616,Garcia_Pass,PR_2020,cynaroides,Protea_cynaroides,Prcyna,31,4,0.035553652,8482.300165,2.136986301,1.847265222
8/8/2011,2011,Garcia_Pass_3,21.18967,-33.95616,Garcia_Pass,PR_2020,cynaroides,Protea_cynaroides,Prcyna,31,5,0.027517769,1551.946771,2.258426966,2.01769166
8/8/2011,2011,Garcia_Pass_3,21.18967,-33.95616,Garcia_Pass,PR_2020,cynaroides,Protea_cynaroides,Prcyna,31,6,0.029326513,7791.149781,2.275862069,1.868020305
8/8/2011,2011,Garcia_Pass_3,21.18967,-33.95616,Garcia_Pass,PR_2020,cynaroides,Protea_cynaroides,Prcyna,31,7,0.030477471,4948.008429,3.16091954,1.891994917
8/8/2011,2011,Garcia_Pass_3,21.18967,-33.95616,Garcia_Pass,PR_2020,cynaroides,Protea_cynaroides,Prcyna,31,8,0.030719066,4410.796086,2.310649351,1.768421053
8/8/2011,2011,Garcia_Pass_3,21.18967,-33.95616,Garcia_Pass,PR_2020,grandiceps,Protea_grandiceps,Prgran,32,1,0.029611307,589.0486225,2.538461538,1.76372315
8/8/2011,2011,Garcia_Pass_3,21.18967,-33.95616,Garcia_Pass,PR_2020,grandiceps,Protea_grandiceps,Prgran,32,2,0.030769231,4241.150082,1.97826087,1.520661157
8/8/2011,2011,Garcia_Pass_3,21.18967,-33.95616,Garcia_Pass,PR_2020,grandiceps,Protea_grandiceps,Prgran,32,3,0.02519685,2807.798434,1.968253968,1.816666667
8/8/2011,2011,Garcia_Pass_3,21.18967,-33.95616,Garcia_Pass,PR_2020,grandiceps,Protea_grandiceps,Prgran,32,4,0.028860663,5969.026042,1.425531915,1.483785572
8/8/2011,2011,Garcia_Pass_3,21.18967,-33.95616,Garcia_Pass,PR_2020,grandiceps,Protea_grandiceps,Prgran,32,5,0.025468165,530.1437603,1.545454545,1.747058824
8/8/2011,2011,Garcia_Pass_3,21.18967,-33.95616,Garcia_Pass,PR_2020,grandiceps,Protea_grandiceps,Prgran,32,6,0.024963412,1943.860454,2.115384615,1.568676717
8/8/2011,2011,Garcia_Pass_3,21.18967,-33.95616,Garcia_Pass,PR_2020,grandiceps,Protea_grandiceps,Prgran,32,7,0.02128751,714.7123287,2.425,1.590361446
8/8/2011,2011,Garcia_Pass_3,21.18967,-33.95616,Garcia_Pass,PR_2020,grandiceps,Protea_grandiceps,Prgran,32,8,0.023194168,3006.504169,2,1.511428571
8/8/2011,2011,Garcia_Pass_3,21.18967,-33.95616,Garcia_Pass,PR_2020,speciosa,Protea_speciosa,Prspec,33,1,0.03483618,574.1260574,2.590909091,1.739549839
8/8/2011,2011,Garcia_Pass_3,21.18967,-33.95616,Garcia_Pass,PR_2020,speciosa,Protea_speciosa,Prspec,33,2,0.03528169,357.3561643,2.631578947,1.315369261
8/8/2011,2011,Garcia_Pass_3,21.18967,-33.95616,Garcia_Pass,PR_2020,speciosa,Protea_speciosa,Prspec,33,3,0.03840895,530.1437603,2.393939394,1.466019417
8/8/2011,2011,Garcia_Pass_3,21.18967,-33.95616,Garcia_Pass,PR_2020,speciosa,Protea_speciosa,Prspec,33,4,0.033225901,523.0751768,2.382978723,1.767195767
8/8/2011,2011,Garcia_Pass_3,21.18967,-33.95616,Garcia_Pass,PR_2020,speciosa,Protea_speciosa,Prspec,33,5,0.031188267,942.4777961,2.80952381,1.725527831
8/8/2011,2011,Garcia_Pass_3,21.18967,-33.95616,Garcia_Pass,PR_2020,speciosa,Protea_speciosa,Prspec,33,6,0.031509121,235.619449,3.621621622,1.631578947
8/8/2011,2011,Garcia_Pass_3,21.18967,-33.95616,Garcia_Pass,PR_2020,speciosa,Protea_speciosa,Prspec,33,7,0.030111111,109.9557429,3.473684211,1.800738007
8/8/2011,2011,Garcia_Pass_3,21.18967,-33.95616,Garcia_Pass,PR_2020,speciosa,Protea_speciosa,Prspec,33,8,0.031098431,102.1017612,2.891891892,1.80733945
8/8/2011,2011,Garcia_Pass_4,21.19069,-33.95744,Garcia_Pass,PR_2021,cordata,Protea_cordata,Prcord,34,1,0.033928859,486.9468613,1.090909091,1.409867173
8/8/2011,2011,Garcia_Pass_4,21.19069,-33.95744,Garcia_Pass,PR_2021,cordata,Protea_cordata,Prcord,34,2,0.02715816,37.69911184,1.1875,1.56612529
8/8/2011,2011,Garcia_Pass_4,21.19069,-33.95744,Garcia_Pass,PR_2021,cordata,Protea_cordata,Prcord,34,3,0.021041809,82.46680716,1.183333333,1.892508143
8/8/2011,2011,Garcia_Pass_4,21.19069,-33.95744,Garcia_Pass,PR_2021,cordata,Protea_cordata,Prcord,34,4,0.027749614,735.1326809,1.035714286,1.799841144
8/8/2011,2011,Garcia_Pass_4,21.19069,-33.95744,Garcia_Pass,PR_2021,cordata,Protea_cordata,Prcord,34,5,0.03131765,1969.778594,1.052631579,1.45437788
8/8/2011,2011,Garcia_Pass_4,21.19069,-33.95744,Garcia_Pass,PR_2021,cordata,Protea_cordata,Prcord,34,6,0.027175449,984.8892969,1.155844156,1.726597325
8/8/2011,2011,Garcia_Pass_4,21.19069,-33.95744,Garcia_Pass,PR_2021,cordata,Protea_cordata,Prcord,34,7,0.024441274,577.2676501,0.972477064,2.01459144
8/8/2011,2011,Garcia_Pass_4,21.19069,-33.95744,Garcia_Pass,PR_2021,cordata,Protea_cordata,Prcord,34,8,0.031944923,1517.389252,1.036697248,1.496408046
8/9/2011,2011,Bergfontein_1,21.45853,-34.02136,Garcia_Pass,PR_2022,coronata,Protea_coronata,Prcoro,35,1,0.011414982,11938.05208,3.222222222,1.427083333
8/9/2011,2011,Bergfontein_1,21.45853,-34.02136,Garcia_Pass,PR_2022,coronata,Protea_coronata,Prcoro,35,2,0.013602015,11388.27337,3.9375,1.175925926
8/9/2011,2011,Bergfontein_1,21.45853,-34.02136,Garcia_Pass,PR_2022,coronata,Protea_coronata,Prcoro,35,3,0.013953488,15550.88364,5.166666667,1.307692308
8/9/2011,2011,Bergfontein_1,21.45853,-34.02136,Garcia_Pass,PR_2022,coronata,Protea_coronata,Prcoro,35,4,0.0125,12684.18034,4.214285714,1.392857143
8/9/2011,2011,Bergfontein_1,21.45853,-34.02136,Garcia_Pass,PR_2022,coronata,Protea_coronata,Prcoro,35,5,0.013818182,10225.88409,3.444444444,1.175438596
8/9/2011,2011,Bergfontein_1,21.45853,-34.02136,Garcia_Pass,PR_2022,coronata,Protea_coronata,Prcoro,35,6,0.013063063,14404.20232,4,1.293103448
8/9/2011,2011,Bergfontein_1,21.45853,-34.02136,Garcia_Pass,PR_2022,coronata,Protea_coronata,Prcoro,35,7,0.012658228,10681.41502,4.666666667,1.333333333
8/9/2011,2011,Bergfontein_1,21.45853,-34.02136,Garcia_Pass,PR_2022,coronata,Protea_coronata,Prcoro,35,8,0.012541254,33006.35782,3.928571429,1.421052632
8/9/2011,2011,Bergfontein_2,21.41108,-34.03844,Garcia_Pass,PR_2023,decurrens,Protea_decurrens,Prdecu,36,1,0.022900763,14851.87927,16,1.833333333
8/9/2011,2011,Bergfontein_2,21.41108,-34.03844,Garcia_Pass,PR_2023,decurrens,Protea_decurrens,Prdecu,36,2,0.010144928,6715.154297,11.75,3.714285714
8/9/2011,2011,Bergfontein_2,21.41108,-34.03844,Garcia_Pass,PR_2023,decurrens,Protea_decurrens,Prdecu,36,3,0.024175824,19477.87445,15.33333333,1.727272727
8/9/2011,2011,Bergfontein_2,21.41108,-34.03844,Garcia_Pass,PR_2023,decurrens,Protea_decurrens,Prdecu,36,4,0.009561753,6994.756043,24.5,2.458333333
8/9/2011,2011,Bergfontein_2,21.41108,-34.03844,Garcia_Pass,PR_2023,decurrens,Protea_decurrens,Prdecu,36,5,0.015853659,20369.30137,13.25,2.038461538
8/9/2011,2011,Bergfontein_2,21.41108,-34.03844,Garcia_Pass,PR_2023,decurrens,Protea_decurrens,Prdecu,36,6,0.013397129,7853.981634,16,2.642857143
8/9/2011,2011,Bergfontein_2,21.41108,-34.03844,Garcia_Pass,PR_2023,decurrens,Protea_decurrens,Prdecu,36,7,0.011029412,18790.65106,16.20689655,3
8/9/2011,2011,Bergfontein_2,21.41108,-34.03844,Garcia_Pass,PR_2023,decurrens,Protea_decurrens,Prdecu,36,8,0.024657534,5890.486225,13.66666667,2.055555556
8/9/2011,2011,Garcia_Pass_5,21.20104,-33.93095,Garcia_Pass,PR_2024,lorifolia,Protea_lorifolia,Prlori,37,1,0.038769741,25446.90049,11.97297297,0.907168459
8/9/2011,2011,Garcia_Pass_5,21.20104,-33.93095,Garcia_Pass,PR_2024,lorifolia,Protea_lorifolia,Prlori,37,2,0.026514128,31337.38672,14.3125,1.113428281
8/9/2011,2011,Garcia_Pass_5,21.20104,-33.93095,Garcia_Pass,PR_2024,lorifolia,Protea_lorifolia,Prlori,37,3,0.040758063,6675.884389,6.230769231,1.149625085
8/9/2011,2011,Garcia_Pass_5,21.20104,-33.93095,Garcia_Pass,PR_2024,lorifolia,Protea_lorifolia,Prlori,37,4,0.035328128,19085.17537,6.722222222,1.305240175
8/9/2011,2011,Garcia_Pass_5,21.20104,-33.93095,Garcia_Pass,PR_2024,lorifolia,Protea_lorifolia,Prlori,37,5,0.038769682,3534.291735,6.526315789,1.11056231
8/9/2011,2011,Garcia_Pass_5,21.20104,-33.93095,Garcia_Pass,PR_2024,lorifolia,Protea_lorifolia,Prlori,37,6,0.035932639,4900.88454,7.096774194,1.03796729
8/9/2011,2011,Garcia_Pass_5,21.20104,-33.93095,Garcia_Pass,PR_2024,lorifolia,Protea_lorifolia,Prlori,37,7,0.039977317,5105.088062,5.533333333,0.997822932
8/9/2011,2011,Garcia_Pass_5,21.20104,-33.93095,Garcia_Pass,PR_2024,lorifolia,Protea_lorifolia,Prlori,37,8,0.038998509,9896.016859,5.485714286,1.117203219
8/9/2011,2011,Garcia_Pass_6,21.22878,-33.94953,Garcia_Pass,PR_2025,nitida,Protea_nitida,Prniti,38,1,0.027667984,33929.20066,4.032258065,1.54047619
8/9/2011,2011,Garcia_Pass_6,21.22878,-33.94953,Garcia_Pass,PR_2025,nitida,Protea_nitida,Prniti,38,2,0.03020202,29040.09709,3.552631579,1.469899666
8/9/2011,2011,Garcia_Pass_6,21.22878,-33.94953,Garcia_Pass,PR_2025,nitida,Protea_nitida,Prniti,38,3,0.029774127,11741.70254,3.648648649,1.428448276
8/9/2011,2011,Garcia_Pass_6,21.22878,-33.94953,Garcia_Pass,PR_2025,nitida,Protea_nitida,Prniti,38,4,0.033664724,14608.40584,2.971428571,1.33095723
8/9/2011,2011,Garcia_Pass_6,21.22878,-33.94953,Garcia_Pass,PR_2025,nitida,Protea_nitida,Prniti,38,5,0.034302612,41527.92789,3.756756757,1.248563218
8/9/2011,2011,Garcia_Pass_6,21.22878,-33.94953,Garcia_Pass,PR_2025,nitida,Protea_nitida,Prniti,38,6,0.031356722,20341.81243,3.588235294,1.505940594
8/9/2011,2011,Garcia_Pass_6,21.22878,-33.94953,Garcia_Pass,PR_2025,nitida,Protea_nitida,Prniti,38,7,0.031636364,17944.77724,4.066666667,1.688505747
8/9/2011,2011,Garcia_Pass_6,21.22878,-33.94953,Garcia_Pass,PR_2025,nitida,Protea_nitida,Prniti,38,8,0.027210884,34130.26259,2.727272727,1.641666667
8/11/2011,2011,Kogelberg_1,18.96021,-34.31986,Kogelberg,PR_2026,scabra,Protea_scabra,Prscbr,39,1,0.040555592,2120.575041,15.46666667,1.214285714
8/11/2011,2011,Kogelberg_1,18.96021,-34.31986,Kogelberg,PR_2026,scabra,Protea_scabra,Prscbr,39,2,0.042654658,1665.044106,20.0625,1.022047244
8/11/2011,2011,Kogelberg_1,18.96021,-34.31986,Kogelberg,PR_2026,scabra,Protea_scabra,Prscbr,39,3,0.039914693,346.3605901,10.875,1.281690141
8/11/2011,2011,Kogelberg_1,18.96021,-34.31986,Kogelberg,PR_2026,scabra,Protea_scabra,Prscbr,39,4,0.034272101,4523.893421,13.94444444,1.351015801
8/11/2011,2011,Kogelberg_1,18.96021,-34.31986,Kogelberg,PR_2026,scabra,Protea_scabra,Prscbr,39,5,0.040264109,2552.544031,24.66666667,1.151136364
8/11/2011,2011,Kogelberg_1,18.96021,-34.31986,Kogelberg,PR_2026,scabra,Protea_scabra,Prscbr,39,6,0.040782591,1256.637061,34.25,1.161512027
8/11/2011,2011,Kogelberg_1,18.96021,-34.31986,Kogelberg,PR_2026,scabra,Protea_scabra,Prscbr,39,7,0.039062074,1884.955592,20,1.263043478
8/11/2011,2011,Kogelberg_1,18.96021,-34.31986,Kogelberg,PR_2026,scabra,Protea_scabra,Prscbr,39,8,0.049089532,4900.88454,25.35714286,1.126600284
8/11/2011,2011,Kogelberg_1,18.96021,-34.31986,Kogelberg,PR_2026,acaulos,Protea_acaulos,Pracau,40,1,0.030469207,1495.398103,3.75,1.336653386
8/11/2011,2011,Kogelberg_1,18.96021,-34.31986,Kogelberg,PR_2026,acaulos,Protea_acaulos,Pracau,40,2,0.037430874,478.3074815,4.821428571,1.153553299
8/11/2011,2011,Kogelberg_1,18.96021,-34.31986,Kogelberg,PR_2026,acaulos,Protea_acaulos,Pracau,40,3,0.019163958,3204.424507,4.6,1.860824742
8/11/2011,2011,Kogelberg_1,18.96021,-34.31986,Kogelberg,PR_2026,acaulos,Protea_acaulos,Pracau,40,4,0.022542752,204.2035225,7.071428571,2.3671875
8/11/2011,2011,Kogelberg_1,18.96021,-34.31986,Kogelberg,PR_2026,acaulos,Protea_acaulos,Pracau,40,5,0.033497095,176.7145868,5.111111111,1.273391813
8/11/2011,2011,Kogelberg_1,18.96021,-34.31986,Kogelberg,PR_2026,acaulos,Protea_acaulos,Pracau,40,6,0.028087036,8042.477193,6.882352941,1.716463415
8/11/2011,2011,Kogelberg_1,18.96021,-34.31986,Kogelberg,PR_2026,acaulos,Protea_acaulos,Pracau,40,7,0.024183025,577.2676501,6.6,1.871287129
8/11/2011,2011,Kogelberg_1,18.96021,-34.31986,Kogelberg,PR_2026,acaulos,Protea_acaulos,Pracau,40,8,0.023078489,8684.932891,5.277777778,1.944444444
8/11/2011,2011,Kogelberg_2,18.94571,-34.30895,Kogelberg,PR_2027,cynaroides,Protea_cynaroides,Prcyna,41,1,0.022836065,3298.672286,3.380727273,1.673534073
8/11/2011,2011,Kogelberg_2,18.94571,-34.30895,Kogelberg,PR_2027,cynaroides,Protea_cynaroides,Prcyna,41,2,0.030622711,3471.459882,3.842,1.940326633
8/11/2011,2011,Kogelberg_2,18.94571,-34.30895,Kogelberg,PR_2027,cynaroides,Protea_cynaroides,Prcyna,41,3,0.039143842,2615.375884,2.558888889,1.631102362
8/11/2011,2011,Kogelberg_2,18.94571,-34.30895,Kogelberg,PR_2027,cynaroides,Protea_cynaroides,Prcyna,41,4,0.028345845,2544.690049,3.334651163,1.89202454
8/11/2011,2011,Kogelberg_2,18.94571,-34.30895,Kogelberg,PR_2027,cynaroides,Protea_cynaroides,Prcyna,41,5,0.033922448,6785.840132,2.557288136,1.524111675
8/11/2011,2011,Kogelberg_2,18.94571,-34.30895,Kogelberg,PR_2027,cynaroides,Protea_cynaroides,Prcyna,41,6,0.025061966,706.0729489,2.382542373,2.070873786
8/11/2011,2011,Kogelberg_2,18.94571,-34.30895,Kogelberg,PR_2027,cynaroides,Protea_cynaroides,Prcyna,41,7,0.032281272,3325.375824,2.895494505,1.974128234
8/11/2011,2011,Kogelberg_2,18.94571,-34.30895,Kogelberg,PR_2027,cynaroides,Protea_cynaroides,Prcyna,41,8,0.026102675,1335.176878,3.428095238,1.995192308
8/11/2011,2011,Kogelberg_3,18.94826,-34.31116,Kogelberg,PR_2028,cordata,Protea_cordata,Prcord,42,1,0.021886399,169.6460033,0.56043956,1.861904762
8/11/2011,2011,Kogelberg_3,18.94826,-34.31116,Kogelberg,PR_2028,cordata,Protea_cordata,Prcord,42,2,0.02848813,2596.526328,0.857142857,1.576998051
8/11/2011,2011,Kogelberg_3,18.94826,-34.31116,Kogelberg,PR_2028,cordata,Protea_cordata,Prcord,42,3,0.028109593,3416.482011,0.925925926,1.683151236
8/11/2011,2011,Kogelberg_3,18.94826,-34.31116,Kogelberg,PR_2028,cordata,Protea_cordata,Prcord,42,4,0.018662603,603.1857895,1.146551724,1.974063401
8/11/2011,2011,Kogelberg_3,18.94826,-34.31116,Kogelberg,PR_2028,cordata,Protea_cordata,Prcord,42,5,0.024446647,125.6637061,1.263157895,2.074324324
8/11/2011,2011,Kogelberg_3,18.94826,-34.31116,Kogelberg,PR_2028,cordata,Protea_cordata,Prcord,42,6,0.028528529,301.5928947,0.911764706,1.867368421
8/11/2011,2011,Kogelberg_3,18.94826,-34.31116,Kogelberg,PR_2028,cordata,Protea_cordata,Prcord,42,7,0.02782743,518.3627878,1.027027027,1.693893735
8/11/2011,2011,Kogelberg_3,18.94826,-34.31116,Kogelberg,PR_2028,cordata,Protea_cordata,Prcord,42,8,0.022218935,252.8982086,0.836538462,1.868175766
8/13/2011,2011,Houwhoek_1,19.15497,-34.20066,Kogelberg,PR_2029,subulifolia,Protea_subulifolia,Prsubu,43,1,0.030909091,2777.167906,2.692222222,1.470588235
8/13/2011,2011,Houwhoek_1,19.15497,-34.20066,Kogelberg,PR_2029,subulifolia,Protea_subulifolia,Prsubu,43,2,0.032653061,3471.459882,1.597647059,0.75
8/13/2011,2011,Houwhoek_1,19.15497,-34.20066,Kogelberg,PR_2029,subulifolia,Protea_subulifolia,Prsubu,43,3,0.030612245,1771.072858,2.661445783,1.2
8/13/2011,2011,Houwhoek_1,19.15497,-34.20066,Kogelberg,PR_2029,subulifolia,Protea_subulifolia,Prsubu,43,4,0.032876712,881.2167393,1.883673469,1.166666667
8/13/2011,2011,Houwhoek_1,19.15497,-34.20066,Kogelberg,PR_2029,subulifolia,Protea_subulifolia,Prsubu,43,5,0.027272727,6789.767123,1.737647059,1.222222222
8/13/2011,2011,Houwhoek_1,19.15497,-34.20066,Kogelberg,PR_2029,subulifolia,Protea_subulifolia,Prsubu,43,6,0.026229508,2748.893572,1.626966292,1.125
8/13/2011,2011,Houwhoek_1,19.15497,-34.20066,Kogelberg,PR_2029,subulifolia,Protea_subulifolia,Prsubu,43,7,0.023255814,5145.928767,2.525974026,1.6
8/13/2011,2011,Houwhoek_1,19.15497,-34.20066,Kogelberg,PR_2029,subulifolia,Protea_subulifolia,Prsubu,43,8,0.02962963,2803.871443,2.018556701,1.666666667
8/13/2011,2011,Houwhoek_2,19.17525,-34.20942,Kogelberg,PR_2030,nitida,Protea_nitida,Prniti,44,1,0.034355275,36167.58542,2.875,1.577427822
8/13/2011,2011,Houwhoek_2,19.17525,-34.20942,Kogelberg,PR_2030,nitida,Protea_nitida,Prniti,44,2,0.03556701,58535.72512,3.677419355,1.631469979
8/13/2011,2011,Houwhoek_2,19.17525,-34.20942,Kogelberg,PR_2030,nitida,Protea_nitida,Prniti,44,3,0.036316472,14957.12262,2.210526316,1.445238095
8/13/2011,2011,Houwhoek_2,19.17525,-34.20942,Kogelberg,PR_2030,nitida,Protea_nitida,Prniti,44,4,0.03909224,25140.59521,3.212121212,1.423220974
8/13/2011,2011,Houwhoek_2,19.17525,-34.20942,Kogelberg,PR_2030,nitida,Protea_nitida,Prniti,44,5,0.029894544,8356.636459,3.413793103,1.539877301
8/13/2011,2011,Houwhoek_2,19.17525,-34.20942,Kogelberg,PR_2030,nitida,Protea_nitida,Prniti,44,6,0.034040179,17435.83923,3.358974359,1.62295082
8/13/2011,2011,Houwhoek_2,19.17525,-34.20942,Kogelberg,PR_2030,nitida,Protea_nitida,Prniti,44,7,0.028461167,9393.362034,2.9,1.762711864
8/13/2011,2011,Houwhoek_2,19.17525,-34.20942,Kogelberg,PR_2030,nitida,Protea_nitida,Prniti,44,8,0.032956922,36756.63405,3.322580645,1.753807107
8/13/2011,2011,Houwhoek_2,19.17525,-34.20942,Kogelberg,PR_2030,scabra,Protea_scabra,Prscbr,45,1,0.045309749,2417.455547,14.92307692,1.163636364
8/13/2011,2011,Houwhoek_2,19.17525,-34.20942,Kogelberg,PR_2030,scabra,Protea_scabra,Prscbr,45,2,0.073860078,2968.805058,26.88888889,1.153518124
8/13/2011,2011,Houwhoek_2,19.17525,-34.20942,Kogelberg,PR_2030,scabra,Protea_scabra,Prscbr,45,3,0.045498989,1036.725576,17.6,1.053639847
8/13/2011,2011,Houwhoek_2,19.17525,-34.20942,Kogelberg,PR_2030,scabra,Protea_scabra,Prscbr,45,4,0.05089753,1507.964474,25.77777778,1.089700997
8/13/2011,2011,Houwhoek_2,19.17525,-34.20942,Kogelberg,PR_2030,scabra,Protea_scabra,Prscbr,45,5,0.063928936,1256.637061,31.11111111,1.032941176
8/13/2011,2011,Houwhoek_2,19.17525,-34.20942,Kogelberg,PR_2030,scabra,Protea_scabra,Prscbr,45,6,0.060549563,1143.539726,30.5,1.178947368
8/13/2011,2011,Houwhoek_2,19.17525,-34.20942,Kogelberg,PR_2030,scabra,Protea_scabra,Prscbr,45,7,0.053799765,2733.185609,24.125,1.008888889
8/13/2011,2011,Houwhoek_2,19.17525,-34.20942,Kogelberg,PR_2030,scabra,Protea_scabra,Prscbr,45,8,0.044051768,1347.743248,19.81818182,1.213166144
8/13/2011,2011,Houwhoek_3,19.16504,-34.21185,Kogelberg,PR_2031,longifolia,Protea_longifolia,Prlong,46,1,0.033416034,565.4866776,12.15384615,1.261904762
8/13/2011,2011,Houwhoek_3,19.16504,-34.21185,Kogelberg,PR_2031,longifolia,Protea_longifolia,Prlong,46,2,0.031629763,1080.707873,8.692307692,1.137931034
8/13/2011,2011,Houwhoek_3,19.16504,-34.21185,Kogelberg,PR_2031,longifolia,Protea_longifolia,Prlong,46,3,0.0361569,1429.424657,13.66666667,1.088803089
8/13/2011,2011,Houwhoek_3,19.16504,-34.21185,Kogelberg,PR_2031,longifolia,Protea_longifolia,Prlong,46,4,0.031842233,725.707903,10.33333333,1.147435897
8/13/2011,2011,Houwhoek_3,19.16504,-34.21185,Kogelberg,PR_2031,longifolia,Protea_longifolia,Prlong,46,5,0.032243243,1837.831702,11.90909091,1.152317881
8/13/2011,2011,Houwhoek_3,19.16504,-34.21185,Kogelberg,PR_2031,longifolia,Protea_longifolia,Prlong,46,6,0.034566608,5866.924281,12.45454545,1.071856287
8/13/2011,2011,Houwhoek_3,19.16504,-34.21185,Kogelberg,PR_2031,longifolia,Protea_longifolia,Prlong,46,7,0.031373295,2638.937829,10,1.192857143
8/13/2011,2011,Houwhoek_3,19.16504,-34.21185,Kogelberg,PR_2031,longifolia,Protea_longifolia,Prlong,46,8,0.029153704,3298.672286,9.818181818,1.052631579
8/13/2011,2011,Houwhoek_3,19.16504,-34.21185,Kogelberg,PR_2031,repens,Protea_repens,Prrepe,47,1,0.027759072,329.8672286,11.85714286,1.192982456
8/13/2011,2011,Houwhoek_3,19.16504,-34.21185,Kogelberg,PR_2031,repens,Protea_repens,Prrepe,47,2,0.037443798,984.8892969,11.25,1
8/13/2011,2011,Houwhoek_3,19.16504,-34.21185,Kogelberg,PR_2031,repens,Protea_repens,Prrepe,47,3,0.036185109,918.9158512,8.125,0.984615385
8/13/2011,2011,Houwhoek_3,19.16504,-34.21185,Kogelberg,PR_2031,repens,Protea_repens,Prrepe,47,4,0.038165094,301.5928947,10.85714286,0.890625
8/13/2011,2011,Houwhoek_3,19.16504,-34.21185,Kogelberg,PR_2031,repens,Protea_repens,Prrepe,47,5,0.036268972,3267.25636,10,0.983870968
8/13/2011,2011,Houwhoek_3,19.16504,-34.21185,Kogelberg,PR_2031,repens,Protea_repens,Prrepe,47,6,0.034351529,1217.367153,10,1.183098592
8/13/2011,2011,Houwhoek_3,19.16504,-34.21185,Kogelberg,PR_2031,repens,Protea_repens,Prrepe,47,7,0.027049365,392.6990817,9.4,1.28
8/13/2011,2011,Houwhoek_3,19.16504,-34.21185,Kogelberg,PR_2031,repens,Protea_repens,Prrepe,47,8,0.03600252,537.2123438,11.125,0.8625
8/14/2011,2011,Kleinmond,19.0269,-34.33069,Kogelberg,PR_2032,repens,Protea_repens,Prrepe,48,1,0.042134189,6774.059159,8.333333333,0.94375
8/14/2011,2011,Kleinmond,19.0269,-34.33069,Kogelberg,PR_2032,repens,Protea_repens,Prrepe,48,2,0.036132015,2049.889206,7.9,1
8/14/2011,2011,Kleinmond,19.0269,-34.33069,Kogelberg,PR_2032,repens,Protea_repens,Prrepe,48,3,0.039478679,13783.73777,12.1,0.99382716
8/14/2011,2011,Kleinmond,19.0269,-34.33069,Kogelberg,PR_2032,repens,Protea_repens,Prrepe,48,4,0.035767595,12487.8308,11.2,1.009708738
8/14/2011,2011,Kleinmond,19.0269,-34.33069,Kogelberg,PR_2032,repens,Protea_repens,Prrepe,48,5,0.035292284,7775.441818,6.933333333,1.061728395
8/14/2011,2011,Kleinmond,19.0269,-34.33069,Kogelberg,PR_2032,repens,Protea_repens,Prrepe,48,6,0.035563462,7161.260454,11.11111111,0.953271028
8/14/2011,2011,Kleinmond,19.0269,-34.33069,Kogelberg,PR_2032,repens,Protea_repens,Prrepe,48,7,0.036177232,18849.55592,7.75,1.016528926
8/14/2011,2011,Kleinmond,19.0269,-34.33069,Kogelberg,PR_2032,repens,Protea_repens,Prrepe,48,8,0.039584324,3110.176727,8,1.0875
8/14/2011,2011,Kleinmond_1,19.0269,-34.33069,Kogelberg,PR_2032,compacta,Protea_compacta,Prcpct,49,1,0.034103853,4288.273972,2.292682927,1.049115914
8/14/2011,2011,Kleinmond_1,19.0269,-34.33069,Kogelberg,PR_2032,compacta,Protea_compacta,Prcpct,49,2,0.034201077,7657.632093,1.794871795,1.146981627
8/14/2011,2011,Kleinmond_1,19.0269,-34.33069,Kogelberg,PR_2032,compacta,Protea_compacta,Prcpct,49,3,0.02752809,18221.23739,2.35,1.357142857
8/14/2011,2011,Kleinmond_1,19.0269,-34.33069,Kogelberg,PR_2032,compacta,Protea_compacta,Prcpct,49,4,0.031475208,1295.90697,2.65,1.234833659
8/14/2011,2011,Kleinmond_1,19.0269,-34.33069,Kogelberg,PR_2032,compacta,Protea_compacta,Prcpct,49,5,0.035610041,1445.132621,3.538461538,1.042622951
8/14/2011,2011,Kleinmond_1,19.0269,-34.33069,Kogelberg,PR_2032,compacta,Protea_compacta,Prcpct,49,6,0.032118369,53014.37603,1.755555556,1.220224719
8/14/2011,2011,Kleinmond_1,19.0269,-34.33069,Kogelberg,PR_2032,compacta,Protea_compacta,Prcpct,49,7,0.026419121,1847.25648,2.625,1.523424879
8/14/2011,2011,Kleinmond_1,19.0269,-34.33069,Kogelberg,PR_2032,compacta,Protea_compacta,Prcpct,49,8,0.030347938,628.3185307,1.729166667,1.176220807
8/14/2011,2011,Kleinmond_1,19.0269,-34.33069,Kogelberg,PR_2032,angustata,Protea_angustata,Prangu,50,1,0.038752335,78.53981634,42.8,1.480620155
8/14/2011,2011,Kleinmond_1,19.0269,-34.33069,Kogelberg,PR_2032,angustata,Protea_angustata,Prangu,50,2,0.036484638,117.8097245,51,1.669811321
8/14/2011,2011,Kleinmond_1,19.0269,-34.33069,Kogelberg,PR_2032,angustata,Protea_angustata,Prangu,50,3,0.029560688,1068.141502,49.75,1.674418605
8/14/2011,2011,Kleinmond_1,19.0269,-34.33069,Kogelberg,PR_2032,angustata,Protea_angustata,Prangu,50,4,.,50.26548246,44.66666667,.
8/14/2011,2011,Kleinmond_1,19.0269,-34.33069,Kogelberg,PR_2032,angustata,Protea_angustata,Prangu,50,5,0.036559584,570.1990666,27.6,1.416666667
8/14/2011,2011,Kleinmond_1,19.0269,-34.33069,Kogelberg,PR_2032,angustata,Protea_angustata,Prangu,50,6,0.028865616,1767.145868,42.25,1.821428571
8/14/2011,2011,Kleinmond_1,19.0269,-34.33069,Kogelberg,PR_2032,angustata,Protea_angustata,Prangu,50,7,0.027035395,466.5265091,51.33333333,1.868421053
8/14/2011,2011,Kleinmond_1,19.0269,-34.33069,Kogelberg,PR_2032,angustata,Protea_angustata,Prangu,50,8,0.030146369,164.9336143,32,1.787878788
8/14/2011,2011,Kleinmond_2,19.01525,-34.33528,Kogelberg,PR_2033,lepidocarpodendron,Protea_lepidocarpodendron,Prlepi,51,1,0.03134715,9699.667318,7.875,1.061983471
8/14/2011,2011,Kleinmond_2,19.01525,-34.33528,Kogelberg,PR_2033,lepidocarpodendron,Protea_lepidocarpodendron,Prlepi,51,2,0.039000609,14451.32621,8.25,0.98125
8/14/2011,2011,Kleinmond_2,19.01525,-34.33528,Kogelberg,PR_2033,lepidocarpodendron,Protea_lepidocarpodendron,Prlepi,51,3,0.029364656,65973.44573,5.9,1.047272727
8/14/2011,2011,Kleinmond_2,19.01525,-34.33528,Kogelberg,PR_2033,lepidocarpodendron,Protea_lepidocarpodendron,Prlepi,51,4,0.031220657,19870.57353,7.352941176,1.120300752
8/14/2011,2011,Kleinmond_2,19.01525,-34.33528,Kogelberg,PR_2033,lepidocarpodendron,Protea_lepidocarpodendron,Prlepi,51,5,0.035272045,6008.29595,8.846153846,0.936170213
8/14/2011,2011,Kleinmond_2,19.01525,-34.33528,Kogelberg,PR_2033,lepidocarpodendron,Protea_lepidocarpodendron,Prlepi,51,6,0.037493005,16414.82162,8.875,0.865671642
8/14/2011,2011,Kleinmond_2,19.01525,-34.33528,Kogelberg,PR_2033,lepidocarpodendron,Protea_lepidocarpodendron,Prlepi,51,7,0.036216216,5595.961914,9.916666667,0.970149254
8/14/2011,2011,Kleinmond_2,19.01525,-34.33528,Kogelberg,PR_2033,lepidocarpodendron,Protea_lepidocarpodendron,Prlepi,51,8,0.031812865,5360.342465,8.25,1.022058824
8/19/2011,2011,Middleberg,19.15701,-32.6357,Cedarberg,PR_2034,piscina,Protea_piscina,Prpisc,52,1,0.034182814,361.2831552,20.83333333,0.906040268
8/19/2011,2011,Middleberg,19.15701,-32.6357,Cedarberg,PR_2034,piscina,Protea_piscina,Prpisc,52,2,0.036316952,392.6990817,57,1.054298643
8/19/2011,2011,Middleberg,19.15701,-32.6357,Cedarberg,PR_2034,piscina,Protea_piscina,Prpisc,52,3,0.053134203,94.24777961,45,1.035087719
8/19/2011,2011,Middleberg,19.15701,-32.6357,Cedarberg,PR_2034,piscina,Protea_piscina,Prpisc,52,4,0.027155277,50.26548246,17,1.327272727
8/19/2011,2011,Middleberg,19.15701,-32.6357,Cedarberg,PR_2034,piscina,Protea_piscina,Prpisc,52,5,0.017133556,28.27433388,12.5,1.862745098
8/19/2011,2011,Middleberg,19.15701,-32.6357,Cedarberg,PR_2034,piscina,Protea_piscina,Prpisc,52,6,0.053722071,70.68583471,60,1.19047619
8/19/2011,2011,Middleberg,19.15701,-32.6357,Cedarberg,PR_2034,piscina,Protea_piscina,Prpisc,52,7,0.031518896,77.75441818,23.5,1.527472527
8/19/2011,2011,Middleberg,19.15701,-32.6357,Cedarberg,PR_2034,piscina,Protea_piscina,Prpisc,52,8,0.045743283,1178.097245,72,1.166666667
8/19/2011,2011,Middleberg,19.15701,-32.6357,Cedarberg,PR_2034,laurifolia,Protea_laurifolia,Prlaur,53,1,0.043982151,31997.12118,3.027777778,1.06824147
8/19/2011,2011,Middleberg,19.15701,-32.6357,Cedarberg,PR_2034,laurifolia,Protea_laurifolia,Prlaur,53,2,0.037301614,67190.81288,3.268292683,1.268013468
8/19/2011,2011,Middleberg,19.15701,-32.6357,Cedarberg,PR_2034,laurifolia,Protea_laurifolia,Prlaur,53,3,0.039996444,85953.975,3.181818182,1.171259843
8/19/2011,2011,Middleberg,19.15701,-32.6357,Cedarberg,PR_2034,laurifolia,Protea_laurifolia,Prlaur,53,4,0.038272793,41704.64248,3.566666667,1.02301496
8/19/2011,2011,Middleberg,19.15701,-32.6357,Cedarberg,PR_2034,laurifolia,Protea_laurifolia,Prlaur,53,5,0.039532933,26562.16589,3.5,1.282846715
8/19/2011,2011,Middleberg,19.15701,-32.6357,Cedarberg,PR_2034,laurifolia,Protea_laurifolia,Prlaur,53,6,0.038122859,9082.344362,3.6,1.23923445
8/19/2011,2011,Middleberg,19.15701,-32.6357,Cedarberg,PR_2034,laurifolia,Protea_laurifolia,Prlaur,53,7,0.039598402,22619.46711,3,1.214776632
8/19/2011,2011,Middleberg,19.15701,-32.6357,Cedarberg,PR_2034,laurifolia,Protea_laurifolia,Prlaur,53,8,0.038020592,10712.83095,2.827586207,1.081355932
8/20/2011,2011,Sneeuberg_hut_1,19.15159,-32.48909,Cedarberg,PR_2035,acuminata,Protea_acuminata,Pracum,54,1,0.03307393,6792.123317,16.2,1
8/20/2011,2011,Sneeuberg_hut_1,19.15159,-32.48909,Cedarberg,PR_2035,acuminata,Protea_acuminata,Pracum,54,2,0.029885057,54286.72105,14.2,1.102564103
8/20/2011,2011,Sneeuberg_hut_1,19.15159,-32.48909,Cedarberg,PR_2035,acuminata,Protea_acuminata,Pracum,54,3,0.0352,9935.286767,15,0.954545455
8/20/2011,2011,Sneeuberg_hut_1,19.15159,-32.48909,Cedarberg,PR_2035,acuminata,Protea_acuminata,Pracum,54,4,0.0356,10367.25576,15.6,0.95505618
8/20/2011,2011,Sneeuberg_hut_1,19.15159,-32.48909,Cedarberg,PR_2035,acuminata,Protea_acuminata,Pracum,54,5,0.040711462,5207.189823,16.2,0.980582524
8/20/2011,2011,Sneeuberg_hut_1,19.15159,-32.48909,Cedarberg,PR_2035,acuminata,Protea_acuminata,Pracum,54,6,0.033070866,8326.791328,14,1.071428571
8/20/2011,2011,Sneeuberg_hut_1,19.15159,-32.48909,Cedarberg,PR_2035,acuminata,Protea_acuminata,Pracum,54,7,0.034188034,7916.813487,15.5,1.116666667
8/20/2011,2011,Sneeuberg_hut_1,19.15159,-32.48909,Cedarberg,PR_2035,acuminata,Protea_acuminata,Pracum,54,8,0.039473684,11023.84862,16,1.095238095
8/20/2011,2011,Sneeuberg_hut_1,19.15159,-32.48909,Cedarberg,PR_2035,witzenbergiana,Protea_witzenbergiana,Prwitz,55,1,0.044444444,47557.42959,3.10880829,1.038461558
8/20/2011,2011,Sneeuberg_hut_1,19.15159,-32.48909,Cedarberg,PR_2035,witzenbergiana,Protea_witzenbergiana,Prwitz,55,2,0.032183908,28639.54403,3.89064143,1.392857118
8/20/2011,2011,Sneeuberg_hut_1,19.15159,-32.48909,Cedarberg,PR_2035,witzenbergiana,Protea_witzenbergiana,Prwitz,55,3,0.032967033,72620.27038,3.74732334,1.6666667
8/20/2011,2011,Sneeuberg_hut_1,19.15159,-32.48909,Cedarberg,PR_2035,witzenbergiana,Protea_witzenbergiana,Prwitz,55,4,0.035897436,10504.70044,3.354978355,1.4761905
8/20/2011,2011,Sneeuberg_hut_1,19.15159,-32.48909,Cedarberg,PR_2035,witzenbergiana,Protea_witzenbergiana,Prwitz,55,5,0.030136986,60613.10326,3.209242619,1.636363711
8/20/2011,2011,Sneeuberg_hut_1,19.15159,-32.48909,Cedarberg,PR_2035,witzenbergiana,Protea_witzenbergiana,Prwitz,55,6,0.035294118,29216.81168,2.398331595,1.666666625
8/20/2011,2011,Sneeuberg_hut_1,19.15159,-32.48909,Cedarberg,PR_2035,witzenbergiana,Protea_witzenbergiana,Prwitz,55,7,0.037113402,4849.833659,2.983425414,1.833333333
8/20/2011,2011,Sneeuberg_hut_1,19.15159,-32.48909,Cedarberg,PR_2035,witzenbergiana,Protea_witzenbergiana,Prwitz,55,8,0.02739726,151346.2261,3.494623656,1.59999982
8/20/2011,2011,Sneeuberg_Hut_2,19.15175,-32.48841,Cedarberg,PR_2036,scolopendriifolia,Protea_scolopendriifolia,Prsclp,56,1,0.039061982,2034.181243,4.3,0.825030377
8/20/2011,2011,Sneeuberg_Hut_2,19.15175,-32.48841,Cedarberg,PR_2036,scolopendriifolia,Protea_scolopendriifolia,Prsclp,56,2,0.036985016,753.9822369,4.333333333,0.891701828
8/20/2011,2011,Sneeuberg_Hut_2,19.15175,-32.48841,Cedarberg,PR_2036,scolopendriifolia,Protea_scolopendriifolia,Prsclp,56,3,0.046294568,2195.187867,3.316666667,0.882144125
8/20/2011,2011,Sneeuberg_Hut_2,19.15175,-32.48841,Cedarberg,PR_2036,scolopendriifolia,Protea_scolopendriifolia,Prsclp,56,4,0.047936901,551.3495107,3.909090909,0.757852077
8/20/2011,2011,Sneeuberg_Hut_2,19.15175,-32.48841,Cedarberg,PR_2036,scolopendriifolia,Protea_scolopendriifolia,Prsclp,56,5,0.03791986,1272.345025,2.480519481,0.822040816
8/20/2011,2011,Sneeuberg_Hut_2,19.15175,-32.48841,Cedarberg,PR_2036,scolopendriifolia,Protea_scolopendriifolia,Prsclp,56,6,0.054432594,604.7565858,4.044444444,0.774392754
8/20/2011,2011,Sneeuberg_Hut_2,19.15175,-32.48841,Cedarberg,PR_2036,scolopendriifolia,Protea_scolopendriifolia,Prsclp,56,7,0.051116344,2277.654674,2.696428571,0.691902072
8/20/2011,2011,Sneeuberg_Hut_2,19.15175,-32.48841,Cedarberg,PR_2036,scolopendriifolia,Protea_scolopendriifolia,Prsclp,56,8,0.041796382,188.4955592,2.462686567,0.783181358
8/20/2011,2011,Sneeuberg_Hut_2,19.15175,-32.48841,Cedarberg,PR_2036,laevis-big,Protea_laevis,Prlaev,57,1,0.02038913,1013.163631,5.326086957,1.716088328
8/20/2011,2011,Sneeuberg_Hut_2,19.15175,-32.48841,Cedarberg,PR_2036,laevis-big,Protea_laevis,Prlaev,57,2,0.019461207,329.8672286,5.1,1.57585825
8/20/2011,2011,Sneeuberg_Hut_2,19.15175,-32.48841,Cedarberg,PR_2036,laevis-big,Protea_laevis,Prlaev,57,3,0.017406855,1451.415806,5.65625,1.578767123
8/20/2011,2011,Sneeuberg_Hut_2,19.15175,-32.48841,Cedarberg,PR_2036,laevis-big,Protea_laevis,Prlaev,57,4,0.028165736,1046.150354,7.45,1.287603306
8/20/2011,2011,Sneeuberg_Hut_2,19.15175,-32.48841,Cedarberg,PR_2036,laevis-big,Protea_laevis,Prlaev,57,5,0.021932115,487.7322595,4.081081081,1.576719577
8/20/2011,2011,Sneeuberg_Hut_2,19.15175,-32.48841,Cedarberg,PR_2036,laevis-big,Protea_laevis,Prlaev,57,6,0.026585695,1558.229956,4.085106383,1.365482234
8/20/2011,2011,Sneeuberg_Hut_2,19.15175,-32.48841,Cedarberg,PR_2036,laevis-big,Protea_laevis,Prlaev,57,7,0.023419689,1943.860454,4.142857143,1.525073746
8/20/2011,2011,Sneeuberg_Hut_2,19.15175,-32.48841,Cedarberg,PR_2036,laevis-big,Protea_laevis,Prlaev,57,8,0.022356414,2682.920126,6.666666667,1.648259304
8/20/2011,2011,Sneeuberg_gully_1,19.158095,-32.510858,Cedarberg,PR_2037,recondita,Protea_recondita,Prreco,58,1,0.041460023,47359.50925,2.396226415,1.130799329
8/20/2011,2011,Sneeuberg_gully_1,19.158095,-32.510858,Cedarberg,PR_2037,recondita,Protea_recondita,Prreco,58,2,0.036880072,21127.99599,2.880952381,1.368378158
8/20/2011,2011,Sneeuberg_gully_1,19.158095,-32.510858,Cedarberg,PR_2037,recondita,Protea_recondita,Prreco,58,3,0.039647022,35123.00587,2.081632653,1.190779014
8/20/2011,2011,Sneeuberg_gully_1,19.158095,-32.510858,Cedarberg,PR_2037,recondita,Protea_recondita,Prreco,58,4,0.034744965,24881.41382,2.66,1.318526544
8/20/2011,2011,Sneeuberg_gully_1,19.158095,-32.510858,Cedarberg,PR_2037,recondita,Protea_recondita,Prreco,58,5,0.020767778,38823.80201,3.255319149,1.416161616
8/20/2011,2011,Sneeuberg_gully_1,19.158095,-32.510858,Cedarberg,PR_2037,recondita,Protea_recondita,Prreco,58,6,0.025349839,18598.22851,2.171428571,1.543524416
8/20/2011,2011,Sneeuberg_gully_1,19.158095,-32.510858,Cedarberg,PR_2037,recondita,Protea_recondita,Prreco,58,7,0.034314663,37329.97471,2.080645161,1.377715877
8/20/2011,2011,Sneeuberg_gully_1,19.158095,-32.510858,Cedarberg,PR_2037,recondita,Protea_recondita,Prreco,58,8,0.042600897,22745.13081,2.216666667,1.126315789
8/20/2011,2011,Sneeuberg_gully_upper,19.1561,-32.5118,Cedarberg,PR_2038,cryophila,Protea_cryophila,Prcryo,59,1,0.061358221,1385.44236,8.533333333,0.956231206
8/20/2011,2011,Sneeuberg_gully_upper,19.1561,-32.5118,Cedarberg,PR_2038,cryophila,Protea_cryophila,Prcryo,59,2,0.065382608,5365.054854,7.966666667,0.960076775
8/20/2011,2011,Sneeuberg_gully_upper,19.1561,-32.5118,Cedarberg,PR_2038,cryophila,Protea_cryophila,Prcryo,59,3,0.061204183,1402.72112,4,1.106157113
8/20/2011,2011,Sneeuberg_gully_upper,19.1561,-32.5118,Cedarberg,PR_2038,cryophila,Protea_cryophila,Prcryo,59,4,0.080830719,3420.409002,6.50877193,0.948830639
8/20/2011,2011,Sneeuberg_gully_upper,19.1561,-32.5118,Cedarberg,PR_2038,cryophila,Protea_cryophila,Prcryo,59,5,0.05731563,5992.587987,8.65,1.00461402
8/20/2011,2011,Sneeuberg_gully_upper,19.1561,-32.5118,Cedarberg,PR_2038,cryophila,Protea_cryophila,Prcryo,59,6,0.065977584,4900.88454,10.31481481,1.362845252
8/20/2011,2011,Sneeuberg_gully_upper,19.1561,-32.5118,Cedarberg,PR_2038,cryophila,Protea_cryophila,Prcryo,59,7,0.049906542,2323.207767,9.393442623,1.001625752
8/20/2011,2011,Sneeuberg_gully_upper,19.1561,-32.5118,Cedarberg,PR_2038,cryophila,Protea_cryophila,Prcryo,59,8,0.061326076,4432.001836,8.757142857,0.985321557
8/20/2011,2011,Sneeuberg_gully_upper,19.1561,-32.5118,Cedarberg,PR_2038,magnifica,Protea_magnifica,Prmagn,60,1,0.038007719,105967.491,3.88372093,1.096711799
8/20/2011,2011,Sneeuberg_gully_upper,19.1561,-32.5118,Cedarberg,PR_2038,magnifica,Protea_magnifica,Prmagn,60,2,0.04393237,118877.866,4.294117647,0.972687772
8/20/2011,2011,Sneeuberg_gully_upper,19.1561,-32.5118,Cedarberg,PR_2038,magnifica,Protea_magnifica,Prmagn,60,3,0.042708517,97860.61116,3.5625,0.905862923
8/20/2011,2011,Sneeuberg_gully_upper,19.1561,-32.5118,Cedarberg,PR_2038,magnifica,Protea_magnifica,Prmagn,60,4,0.039602202,52700.21676,3.224489796,1.016143498
8/20/2011,2011,Sneeuberg_gully_upper,19.1561,-32.5118,Cedarberg,PR_2038,magnifica,Protea_magnifica,Prmagn,60,5,0.042566191,63812.81538,2.804878049,0.968557758
8/20/2011,2011,Sneeuberg_gully_upper,19.1561,-32.5118,Cedarberg,PR_2038,magnifica,Protea_magnifica,Prmagn,60,6,0.032433026,22833.09541,4.447368421,1.115098172
8/20/2011,2011,Sneeuberg_gully_upper,19.1561,-32.5118,Cedarberg,PR_2038,magnifica,Protea_magnifica,Prmagn,60,7,0.041008358,134907.8425,3.333333333,0.947403024
8/20/2011,2011,Sneeuberg_gully_upper,19.1561,-32.5118,Cedarberg,PR_2038,magnifica,Protea_magnifica,Prmagn,60,8,0.045398374,74373.27908,3.694444444,1.010028653
8/20/2011,2011,Sneeuberg_gully_upper,19.1561,-32.5118,Cedarberg,PR_2038,punctata,Protea_punctata,Prpunc,61,1,0.039932508,11309.73355,1.888888889,1.042253521
8/20/2011,2011,Sneeuberg_gully_upper,19.1561,-32.5118,Cedarberg,PR_2038,punctata,Protea_punctata,Prpunc,61,2,0.041078509,.,1.976190476,0.969111969
8/20/2011,2011,Sneeuberg_gully_upper,19.1561,-32.5118,Cedarberg,PR_2038,punctata,Protea_punctata,Prpunc,61,3,0.032222895,.,1.675675676,1.026315789
8/20/2011,2011,Sneeuberg_gully_upper,19.1561,-32.5118,Cedarberg,PR_2038,punctata,Protea_punctata,Prpunc,61,4,0.031775701,.,1.75,1.004901961
8/20/2011,2011,Sneeuberg_gully_upper,19.1561,-32.5118,Cedarberg,PR_2038,punctata,Protea_punctata,Prpunc,61,5,0.041264872,.,2.15625,0.957511381
8/20/2011,2011,Sneeuberg_gully_upper,19.1561,-32.5118,Cedarberg,PR_2038,punctata,Protea_punctata,Prpunc,61,6,0.037965072,.,1.636363636,1.152
8/20/2011,2011,Sneeuberg_gully_upper,19.1561,-32.5118,Cedarberg,PR_2038,punctata,Protea_punctata,Prpunc,61,7,0.035602679,.,1.72972973,1.065830721
8/20/2011,2011,Sneeuberg_gully_upper,19.1561,-32.5118,Cedarberg,PR_2038,punctata,Protea_punctata,Prpunc,61,8,0.037407407,.,1.892857143,1.207920792
8/20/2011,2011,Sneeuberg_peak_west_slope,19.15397,-32.51179,Cedarberg,PR_2039,laevis-small,Protea_laevis,Prlaev,62,1,0.04841954,.,4.166666667,1.569732938
8/20/2011,2011,Sneeuberg_peak_west_slope,19.15397,-32.51179,Cedarberg,PR_2039,laevis-small,Protea_laevis,Prlaev,62,2,0.033333333,.,5.125,1.837696335
8/20/2011,2011,Sneeuberg_peak_west_slope,19.15397,-32.51179,Cedarberg,PR_2039,laevis-small,Protea_laevis,Prlaev,62,3,0.047660501,.,4.947368421,1.611872146
8/20/2011,2011,Sneeuberg_peak_west_slope,19.15397,-32.51179,Cedarberg,PR_2039,laevis-small,Protea_laevis,Prlaev,62,4,0.052090909,.,6.388888889,1.488656195
8/20/2011,2011,Sneeuberg_peak_west_slope,19.15397,-32.51179,Cedarberg,PR_2039,laevis-small,Protea_laevis,Prlaev,62,5,0.045089286,.,5.35,1.491749175
8/20/2011,2011,Sneeuberg_peak_west_slope,19.15397,-32.51179,Cedarberg,PR_2039,laevis-small,Protea_laevis,Prlaev,62,6,0.04564022,.,4.47826087,1.65060241
8/20/2011,2011,Sneeuberg_peak_west_slope,19.15397,-32.51179,Cedarberg,PR_2039,laevis-small,Protea_laevis,Prlaev,62,7,0.035544431,.,3.894736842,1.718309859
8/20/2011,2011,Sneeuberg_peak_west_slope,19.15397,-32.51179,Cedarberg,PR_2039,laevis-small,Protea_laevis,Prlaev,62,8,0.039662921,.,4.789473684,1.566572238
8/21/2011,2011,Pakhuis_Pass,18.9916,-32.13538,Cedarberg,PR_2040,laurifolia,Protea_laurifolia,Prlaur,63,1,0.044234125,.,4.636363636,1
8/21/2011,2011,Pakhuis_Pass,18.9916,-32.13538,Cedarberg,PR_2040,laurifolia,Protea_laurifolia,Prlaur,63,2,0.042758993,.,3.851851852,0.9625
8/21/2011,2011,Pakhuis_Pass,18.9916,-32.13538,Cedarberg,PR_2040,laurifolia,Protea_laurifolia,Prlaur,63,3,0.038768786,.,3.558823529,1.031128405
8/21/2011,2011,Pakhuis_Pass,18.9916,-32.13538,Cedarberg,PR_2040,laurifolia,Protea_laurifolia,Prlaur,63,4,0.038339855,.,4.730769231,1.160583942
8/21/2011,2011,Pakhuis_Pass,18.9916,-32.13538,Cedarberg,PR_2040,laurifolia,Protea_laurifolia,Prlaur,63,5,0.027054985,.,3.193548387,1.307210031
8/21/2011,2011,Pakhuis_Pass,18.9916,-32.13538,Cedarberg,PR_2040,laurifolia,Protea_laurifolia,Prlaur,63,6,0.042823619,.,4.08,0.969151671
8/21/2011,2011,Pakhuis_Pass,18.9916,-32.13538,Cedarberg,PR_2040,laurifolia,Protea_laurifolia,Prlaur,63,7,0.039360046,.,4.72,1.097087379
8/21/2011,2011,Pakhuis_Pass,18.9916,-32.13538,Cedarberg,PR_2040,laurifolia,Protea_laurifolia,Prlaur,63,8,0.049314582,.,4.5,0.90966123
8/21/2011,2011,Pakhuis_Pass,18.9916,-32.13538,Cedarberg,PR_2040,nitida,Protea_nitida,Prniti,64,1,0.035999214,.,2.557692308,1.480349345
8/21/2011,2011,Pakhuis_Pass,18.9916,-32.13538,Cedarberg,PR_2040,nitida,Protea_nitida,Prniti,64,2,0.027831386,.,2.806451613,1.569343066
8/21/2011,2011,Pakhuis_Pass,18.9916,-32.13538,Cedarberg,PR_2040,nitida,Protea_nitida,Prniti,64,3,0.035241856,.,2.176470588,1.721288515
8/21/2011,2011,Pakhuis_Pass,18.9916,-32.13538,Cedarberg,PR_2040,nitida,Protea_nitida,Prniti,64,4,0.030050281,.,1.725490196,1.616141732
8/21/2011,2011,Pakhuis_Pass,18.9916,-32.13538,Cedarberg,PR_2040,nitida,Protea_nitida,Prniti,64,5,0.028401192,.,2.285714286,1.961538462
8/21/2011,2011,Pakhuis_Pass,18.9916,-32.13538,Cedarberg,PR_2040,nitida,Protea_nitida,Prniti,64,6,0.029773105,.,2.581395349,1.563197026
8/21/2011,2011,Pakhuis_Pass,18.9916,-32.13538,Cedarberg,PR_2040,nitida,Protea_nitida,Prniti,64,7,0.027536591,.,2.25,1.783783784
8/21/2011,2011,Pakhuis_Pass,18.9916,-32.13538,Cedarberg,PR_2040,nitida,Protea_nitida,Prniti,64,8,0.021015608,.,2.480769231,1.893305439
8/21/2011,2011,Pakhuis_Pass,18.9916,-32.13538,Cedarberg,PR_2040,glabra,Protea_glabra,Prglab,65,1,0.050874832,.,2.380952381,1.227513228
8/21/2011,2011,Pakhuis_Pass,18.9916,-32.13538,Cedarberg,PR_2040,glabra,Protea_glabra,Prglab,65,2,0.052,.,2.28,1.088461538
8/21/2011,2011,Pakhuis_Pass,18.9916,-32.13538,Cedarberg,PR_2040,glabra,Protea_glabra,Prglab,65,3,0.048703495,.,2.347826087,1.069444444
8/21/2011,2011,Pakhuis_Pass,18.9916,-32.13538,Cedarberg,PR_2040,glabra,Protea_glabra,Prglab,65,4,0.04609375,.,2.421052632,0.966101695
8/21/2011,2011,Pakhuis_Pass,18.9916,-32.13538,Cedarberg,PR_2040,glabra,Protea_glabra,Prglab,65,5,0.051395007,.,2.684210526,1.062857143
8/21/2011,2011,Pakhuis_Pass,18.9916,-32.13538,Cedarberg,PR_2040,glabra,Protea_glabra,Prglab,65,6,0.052018779,.,2,1.173285199
8/21/2011,2011,Pakhuis_Pass,18.9916,-32.13538,Cedarberg,PR_2040,glabra,Protea_glabra,Prglab,65,7,0.06134372,.,2.36,1.034920635
8/21/2011,2011,Pakhuis_Pass,18.9916,-32.13538,Cedarberg,PR_2040,glabra,Protea_glabra,Prglab,65,8,0.046372688,.,1.954545455,1.042944785
8/22/2011,2011,Uitkyk_Pass_1,19.10799,-32.4068,Cedarberg,PR_2041,repens,Protea_repens,Prrepe,66,1,0.034492227,24347.34307,9.7,1.14953271
8/22/2011,2011,Uitkyk_Pass_1,19.10799,-32.4068,Cedarberg,PR_2041,repens,Protea_repens,Prrepe,66,2,0.034089712,27316.14812,7.4,1.098765432
8/22/2011,2011,Uitkyk_Pass_1,19.10799,-32.4068,Cedarberg,PR_2041,repens,Protea_repens,Prrepe,66,3,0.04334404,116337.103,7.461538462,0.969325153
8/22/2011,2011,Uitkyk_Pass_1,19.10799,-32.4068,Cedarberg,PR_2041,repens,Protea_repens,Prrepe,66,4,0.03498364,16964.60033,5.55,1.153508772
8/22/2011,2011,Uitkyk_Pass_1,19.10799,-32.4068,Cedarberg,PR_2041,repens,Protea_repens,Prrepe,66,5,0.040939119,120731.4057,10.5,1.062937063
8/22/2011,2011,Uitkyk_Pass_1,19.10799,-32.4068,Cedarberg,PR_2041,repens,Protea_repens,Prrepe,66,6,0.03637052,33128.09453,9.7,0.947368421
8/22/2011,2011,Uitkyk_Pass_1,19.10799,-32.4068,Cedarberg,PR_2041,repens,Protea_repens,Prrepe,66,7,0.032740186,37070.79331,11.1,1.0234375
8/22/2011,2011,Uitkyk_Pass_1,19.10799,-32.4068,Cedarberg,PR_2041,repens,Protea_repens,Prrepe,66,8,0.04000871,12817.69803,9.9,0.96350365
8/22/2011,2011,Uitkyk_Pass_2,19.10799,-32.40683,Cedarberg,PR_2042,acaulos,Protea_acaulos,Pracau,67,1,0.03700028,5796.238446,2.375,1.171149144
8/22/2011,2011,Uitkyk_Pass_2,19.10799,-32.40683,Cedarberg,PR_2042,acaulos,Protea_acaulos,Pracau,67,2,0.034589469,567.057474,1.930232558,1.512
8/22/2011,2011,Uitkyk_Pass_2,19.10799,-32.40683,Cedarberg,PR_2042,acaulos,Protea_acaulos,Pracau,67,3,0.032684504,628.3185307,2.186046512,1.52900232
8/22/2011,2011,Uitkyk_Pass_2,19.10799,-32.40683,Cedarberg,PR_2042,acaulos,Protea_acaulos,Pracau,67,4,0.038677719,4382.521752,2.625,1.081081081
8/22/2011,2011,Uitkyk_Pass_2,19.10799,-32.40683,Cedarberg,PR_2042,acaulos,Protea_acaulos,Pracau,67,5,0.039255112,5671.360138,3.227272727,0.973333333
8/22/2011,2011,Uitkyk_Pass_2,19.10799,-32.40683,Cedarberg,PR_2042,acaulos,Protea_acaulos,Pracau,67,6,0.039011168,1602.212253,1.88372093,1.176056338
8/22/2011,2011,Uitkyk_Pass_2,19.10799,-32.40683,Cedarberg,PR_2042,acaulos,Protea_acaulos,Pracau,67,7,0.039869178,4123.340358,2.184210526,1.230179028
8/22/2011,2011,Uitkyk_Pass_2,19.10799,-32.40683,Cedarberg,PR_2042,acaulos,Protea_acaulos,Pracau,67,8,0.032496784,2061.670179,2.212121212,1.434599156
8/22/2011,2011,Uitkyk_Pass_2,19.10799,-32.40683,Cedarberg,PR_2042,nitida,Protea_nitida,Prniti,68,1,0.027890645,15315.26419,2.12,1.543165468
8/22/2011,2011,Uitkyk_Pass_2,19.10799,-32.40683,Cedarberg,PR_2042,nitida,Protea_nitida,Prniti,68,2,0.031868852,7834.34668,3.9,1.327846365
8/22/2011,2011,Uitkyk_Pass_2,19.10799,-32.40683,Cedarberg,PR_2042,nitida,Protea_nitida,Prniti,68,3,0.043176832,8246.680716,2.604166667,1.316056911
8/22/2011,2011,Uitkyk_Pass_2,19.10799,-32.40683,Cedarberg,PR_2042,nitida,Protea_nitida,Prniti,68,4,0.033288105,36945.12961,2.094339623,1.229619565
8/22/2011,2011,Uitkyk_Pass_2,19.10799,-32.40683,Cedarberg,PR_2042,nitida,Protea_nitida,Prniti,68,5,0.031866969,26884.17913,2.15625,1.65370019
8/22/2011,2011,Uitkyk_Pass_2,19.10799,-32.40683,Cedarberg,PR_2042,nitida,Protea_nitida,Prniti,68,6,0.033734266,86550.87761,2.52173913,1.213930348
8/22/2011,2011,Uitkyk_Pass_2,19.10799,-32.40683,Cedarberg,PR_2042,nitida,Protea_nitida,Prniti,68,7,0.034941149,13194.68915,2.955555556,1.324966975
8/22/2011,2011,Uitkyk_Pass_2,19.10799,-32.40683,Cedarberg,PR_2042,nitida,Protea_nitida,Prniti,68,8,0.036988111,12095.13172,2.622222222,1.374285714
7/19/2012,2012,Tradouws_Pass,20.72102,-33.98607,Swellendam,PR_2057,piscina,Protea_piscina,Prpisc,86,1,0.025659627,314.1592654,53.30040249,1.178571429
7/19/2012,2012,Tradouws_Pass,20.72102,-33.98607,Swellendam,PR_2058,piscina,Protea_piscina,Prpisc,86,2,0.026404789,235.619449,51.35126235,1.222222222
7/19/2012,2012,Tradouws_Pass,20.72102,-33.98607,Swellendam,PR_2059,piscina,Protea_piscina,Prpisc,86,3,0.025344095,358.1415625,52.07365034,1.294117647
7/19/2012,2012,Tradouws_Pass,20.72102,-33.98607,Swellendam,PR_2060,piscina,Protea_piscina,Prpisc,86,4,0.023754027,280.3871443,30.41149257,1.310679612
7/19/2012,2012,Tradouws_Pass,20.72102,-33.98607,Swellendam,PR_2061,piscina,Protea_piscina,Prpisc,86,5,0.027732753,307.0906819,48.81608852,1.154411765
7/19/2012,2012,Tradouws_Pass,20.72102,-33.98607,Swellendam,PR_2062,piscina,Protea_piscina,Prpisc,86,6,0.024872138,294.5243113,53.22389381,1.373417722
7/19/2012,2012,Tradouws_Pass,20.72102,-33.98607,Swellendam,PR_2063,piscina,Protea_piscina,Prpisc,86,7,0.02301941,565.4866776,66.24739257,1.392156863
7/19/2012,2012,Tradouws_Pass,20.72102,-33.98607,Swellendam,PR_2064,piscina,Protea_piscina,Prpisc,86,8,0.022998022,687.223393,37.18581081,1.166666667
7/31/2012,2012,Kalk_Bay,18.44649,-34.12134,Cape_Peninsula,PR_2058,lepidocarpodendron,Protea_lepidocarpodendron,Prlepi,87,1,0.030907416,.,7.001962829,1.079812207
7/31/2012,2012,Kalk_Bay,18.44649,-34.12134,Cape_Peninsula,PR_2058,lepidocarpodendron,Protea_lepidocarpodendron,Prlepi,87,2,0.02495228,.,5.390367919,1.149769585
7/31/2012,2012,Kalk_Bay,18.44649,-34.12134,Cape_Peninsula,PR_2058,lepidocarpodendron,Protea_lepidocarpodendron,Prlepi,87,3,0.034264154,.,5.947365697,0.955426357
7/31/2012,2012,Kalk_Bay,18.44649,-34.12134,Cape_Peninsula,PR_2058,lepidocarpodendron,Protea_lepidocarpodendron,Prlepi,87,4,0.033709026,.,5.067458796,0.97311828
7/31/2012,2012,Kalk_Bay,18.44649,-34.12134,Cape_Peninsula,PR_2058,lepidocarpodendron,Protea_lepidocarpodendron,Prlepi,87,5,0.030679246,.,6.526913832,0.961038961
7/31/2012,2012,Kalk_Bay,18.44649,-34.12134,Cape_Peninsula,PR_2058,lepidocarpodendron,Protea_lepidocarpodendron,Prlepi,87,6,0.027085968,.,7.295499521,1.110539846
7/31/2012,2012,Kalk_Bay,18.44649,-34.12134,Cape_Peninsula,PR_2058,lepidocarpodendron,Protea_lepidocarpodendron,Prlepi,87,7,0.030759766,.,5.462116041,1.076005961
5/23/2013,2013,Bains_Kloof,19.10092,-33.62864,Hottentots_Hollands,PR_2059,amplexicaulis,Protea_amplexicaulis,Prampl,88,1,0.020152389,7877.543579,2.177333333,1.745583039
5/23/2013,2013,Bains_Kloof,19.10092,-33.62864,Hottentots_Hollands,PR_2059,amplexicaulis,Protea_amplexicaulis,Prampl,88,2,0.022824272,13819.86608,1.812281926,1.601626016
5/23/2013,2013,Bains_Kloof,19.10092,-33.62864,Hottentots_Hollands,PR_2059,amplexicaulis,Protea_amplexicaulis,Prampl,88,3,0.023105053,10013.82658,2.491686461,1.496402878
5/23/2013,2013,Bains_Kloof,19.10092,-33.62864,Hottentots_Hollands,PR_2059,amplexicaulis,Protea_amplexicaulis,Prampl,88,4,0.017965654,3052.057263,1.991638278,1.606617647
5/23/2013,2013,Bains_Kloof,19.10092,-33.62864,Hottentots_Hollands,PR_2059,amplexicaulis,Protea_amplexicaulis,Prampl,88,5,0.025891182,12268.70471,1.816781383,1.571014493
5/23/2013,2013,Bains_Kloof,19.10092,-33.62864,Hottentots_Hollands,PR_2059,amplexicaulis,Protea_amplexicaulis,Prampl,88,6,0.021447721,9032.078879,2.050618238,1.474137931
5/23/2013,2013,Bains_Kloof,19.10092,-33.62864,Hottentots_Hollands,PR_2059,amplexicaulis,Protea_amplexicaulis,Prampl,88,7,0.022401963,4737.521722,1.7952602,1.793103448
5/23/2013,2013,Bains_Kloof,19.10092,-33.62864,Hottentots_Hollands,PR_2059,amplexicaulis,Protea_amplexicaulis,Prampl,88,8,0.017066321,24809.15719,1.997381342,2.012658228
5/23/2013,2013,Bains_Kloof,19.10092,-33.62864,Hottentots_Hollands,PR_2059,nana,Protea_nana,Prnana,89,1,0.01297097,9252.775763,18.24183007,1.80952381
5/23/2013,2013,Bains_Kloof,19.10092,-33.62864,Hottentots_Hollands,PR_2059,nana,Protea_nana,Prnana,89,2,0.016404648,2206.183441,20.05072464,1.041666667
5/23/2013,2013,Bains_Kloof,19.10092,-33.62864,Hottentots_Hollands,PR_2059,nana,Protea_nana,Prnana,89,3,0.010576923,3475.386873,11.50214592,1.454545455
5/23/2013,2013,Bains_Kloof,19.10092,-33.62864,Hottentots_Hollands,PR_2059,nana,Protea_nana,Prnana,89,4,0.013297872,2935.818335,13.22988506,1.08
5/23/2013,2013,Bains_Kloof,19.10092,-33.62864,Hottentots_Hollands,PR_2059,nana,Protea_nana,Prnana,89,5,0.014554275,5287.300436,18.45578231,1.541666667
5/23/2013,2013,Bains_Kloof,19.10092,-33.62864,Hottentots_Hollands,PR_2059,nana,Protea_nana,Prnana,89,6,0.01546073,10101.79118,16.02040816,0.8
5/23/2013,2013,Bains_Kloof,19.10092,-33.62864,Hottentots_Hollands,PR_2059,nana,Protea_nana,Prnana,89,7,0.018397626,12403.0078,37.05555556,0.516129032
5/23/2013,2013,Bains_Kloof,19.10092,-33.62864,Hottentots_Hollands,PR_2059,nana,Protea_nana,Prnana,89,8,0.01863354,11777.83086,19.51428571,0.777777778
5/23/2013,2013,Bains_Kloof2,19.10114,-33.62932,Hottentots_Hollands,PR_2060,laurifolia,Protea_laurifolia,Prlaur,90,1,0.04467661,96191.64006,5.612554113,1.090769231
5/23/2013,2013,Bains_Kloof2,19.10114,-33.62932,Hottentots_Hollands,PR_2060,laurifolia,Protea_laurifolia,Prlaur,90,2,0.033515306,43872.34141,4.227338129,1.210309278
5/23/2013,2013,Bains_Kloof2,19.10114,-33.62932,Hottentots_Hollands,PR_2060,laurifolia,Protea_laurifolia,Prlaur,90,3,0.028285313,53014.37603,4.277626565,0.944099379
5/23/2013,2013,Bains_Kloof2,19.10114,-33.62932,Hottentots_Hollands,PR_2060,laurifolia,Protea_laurifolia,Prlaur,90,4,.,47618.69065,3.943542696,.
5/23/2013,2013,Bains_Kloof2,19.10114,-33.62932,Hottentots_Hollands,PR_2060,laurifolia,Protea_laurifolia,Prlaur,90,5,0.029233921,45773.00496,2.693307961,1.094017094
5/23/2013,2013,Bains_Kloof2,19.10114,-33.62932,Hottentots_Hollands,PR_2060,laurifolia,Protea_laurifolia,Prlaur,90,6,0.03212063,7308.915309,3.310344828,1.157347204
5/23/2013,2013,Bains_Kloof2,19.10114,-33.62932,Hottentots_Hollands,PR_2060,laurifolia,Protea_laurifolia,Prlaur,90,7,0.036245955,41886.85485,3.154094828,1.112781955
5/23/2013,2013,Bains_Kloof2,19.10114,-33.62932,Hottentots_Hollands,PR_2060,laurifolia,Protea_laurifolia,Prlaur,90,8,0.027166511,44449.60906,3.627224477,1.23878628
5/23/2013,2013,Bains_Kloof2,19.10114,-33.62932,Hottentots_Hollands,PR_2060,repens,Protea_repens,Prrepe,91,1,0.028406694,.,8.226988382,1.143564356
5/23/2013,2013,Bains_Kloof2,19.10114,-33.62932,Hottentots_Hollands,PR_2060,repens,Protea_repens,Prrepe,91,2,0.024188092,.,11.93315858,1.027972028
5/23/2013,2013,Bains_Kloof2,19.10114,-33.62932,Hottentots_Hollands,PR_2060,repens,Protea_repens,Prrepe,91,3,0.027973074,.,9.514499532,1.053475936
5/23/2013,2013,Bains_Kloof2,19.10114,-33.62932,Hottentots_Hollands,PR_2060,repens,Protea_repens,Prrepe,91,4,0.032621416,.,7.958035714,0.928251121
5/23/2013,2013,Bains_Kloof2,19.10114,-33.62932,Hottentots_Hollands,PR_2060,repens,Protea_repens,Prrepe,91,5,0.026636844,.,6.829314721,0.874045802
5/23/2013,2013,Bains_Kloof2,19.10114,-33.62932,Hottentots_Hollands,PR_2060,repens,Protea_repens,Prrepe,91,6,0.031173093,.,8.704007286,0.857894737
5/23/2013,2013,Bains_Kloof2,19.10114,-33.62932,Hottentots_Hollands,PR_2060,repens,Protea_repens,Prrepe,91,7,0.028415046,.,8.504098361,1
5/23/2013,2013,Bains_Kloof2,19.10114,-33.62932,Hottentots_Hollands,PR_2060,repens,Protea_repens,Prrepe,91,8,0.027340177,.,10.45782146,0.676579926
5/23/2013,2013,Bains_Kloof2,19.10114,-33.62932,Hottentots_Hollands,PR_2060,repens,Protea_repens,Prrepe,91,9,0.028803072,.,12.2536162,0.751851852
5/23/2013,2013,Bains_Kloof2,19.10114,-33.62932,Hottentots_Hollands,PR_2060,repens,Protea_repens,Prrepe,91,10,0.020286396,.,11.85955056,1.117647059
5/23/2013,2013,Bains_Kloof2,19.10114,-33.62932,Hottentots_Hollands,PR_2060,repens,Protea_repens,Prrepe,91,11,0.030493482,.,7.706530291,1.129770992
5/23/2013,2013,Bains_Kloof2,19.10114,-33.62932,Hottentots_Hollands,PR_2060,repens,Protea_repens,Prrepe,91,12,0.020664207,.,7.551187551,1.278571429
5/23/2013,2013,Bains_Kloof2,19.10114,-33.62932,Hottentots_Hollands,PR_2060,repens,Protea_repens,Prrepe,91,13,0.024028777,.,9.50997151,1.065868263
5/23/2013,2013,Bains_Kloof2,19.10114,-33.62932,Hottentots_Hollands,PR_2060,repens,Protea_repens,Prrepe,91,14,0.025005582,.,9.003276003,0.9375
5/23/2013,2013,Bains_Kloof2,19.10114,-33.62932,Hottentots_Hollands,PR_2060,repens,Protea_repens,Prrepe,91,15,0.027946916,.,7.905069124,1.022346369
5/23/2013,2013,Bains_Kloof2,19.10114,-33.62932,Hottentots_Hollands,PR_2060,repens,Protea_repens,Prrepe,91,16,0.025847513,.,9.192135836,1.110552764
5/28/2013,2013,Blesberg1,22.68793,-33.41913,Swartberg,PR_2061,rupicola,Protea_rupicola,Prrupi,92,1,0.027710258,12016.5919,3.473788328,1.438596491
5/28/2013,2013,Blesberg1,22.68793,-33.41913,Swartberg,PR_2061,rupicola,Protea_rupicola,Prrupi,92,2,0.037323322,51836.27878,3.34375,1.479289941
5/28/2013,2013,Blesberg1,22.68793,-33.41913,Swartberg,PR_2061,rupicola,Protea_rupicola,Prrupi,92,3,0.027285783,11780.97245,3.67983368,1.456140351
5/28/2013,2013,Blesberg1,22.68793,-33.41913,Swartberg,PR_2061,rupicola,Protea_rupicola,Prrupi,92,4,0.02764977,21991.14858,3.434036939,1.305555556
5/28/2013,2013,Blesberg1,22.68793,-33.41913,Swartberg,PR_2061,rupicola,Protea_rupicola,Prrupi,92,5,0.021267169,.,3.169110459,1.8125
5/28/2013,2013,Blesberg1,22.68793,-33.41913,Swartberg,PR_2061,rupicola,Protea_rupicola,Prrupi,92,6,0.021122511,.,3.645833333,1.514285714
5/28/2013,2013,Blesberg1,22.68793,-33.41913,Swartberg,PR_2061,rupicola,Protea_rupicola,Prrupi,92,7,0.032115869,.,3.680641184,1.274509804
5/29/2013,2013,Blesberg2,22.68694,-33.41757,Swartberg,PR_2062,pruinosa,Protea_pruinosa,Prprui,93,1,0.039420656,16964.60033,4.132863613,1.225945017
5/29/2013,2013,Blesberg2,22.68694,-33.41757,Swartberg,PR_2062,montana,Protea_montana,Prmont,94,1,0.026498423,93462.38144,10.91501976,1.404761905
5/29/2013,2013,Blesberg2,22.68694,-33.41757,Swartberg,PR_2062,montana,Protea_montana,Prmont,94,2,0.030046225,14316.23772,10.225,1.230769231
5/29/2013,2013,Blesberg2,22.68694,-33.41757,Swartberg,PR_2062,montana,Protea_montana,Prmont,94,3,0.029411765,48396.23483,13.6375969,1.457627119
5/29/2013,2013,Blesberg2,22.68694,-33.41757,Swartberg,PR_2062,montana,Protea_montana,Prmont,94,4,0.025611838,104457.9557,9.665568369,1.422222222
5/29/2013,2013,Blesberg2,22.68694,-33.41757,Swartberg,PR_2062,montana,Protea_montana,Prmont,94,5,0.025473934,120974.8791,12.62731481,1.488372093
5/29/2013,2013,Blesberg2,22.68694,-33.41757,Swartberg,PR_2062,montana,Protea_montana,Prmont,94,6,0.027582983,39584.06744,13.31654676,1.271186441
5/29/2013,2013,Blesberg2,22.68694,-33.41757,Swartberg,PR_2062,montana,Protea_montana,Prmont,94,7,0.02994012,12095.13172,10.25659472,1.033333333
5/29/2013,2013,Blesberg2,22.68694,-33.41757,Swartberg,PR_2062,montana,Protea_montana,Prmont,94,8,0.025585193,5183.627878,8.495881384,1.553191489
5/29/2013,2013,Blesberg3,22.689,-33.41533,Swartberg,PR_2063,intonsa,Protea_intonsa,Printo,95,1,0.044289694,477.5220833,24.94475983,0.817610063
5/29/2013,2013,Blesberg3,22.689,-33.41533,Swartberg,PR_2063,intonsa,Protea_intonsa,Printo,95,2,0.031414716,4594.579256,33.06916996,1.409395973
5/29/2013,2013,Blesberg3,22.689,-33.41533,Swartberg,PR_2063,intonsa,Protea_intonsa,Printo,95,3,0.03721374,2309.0706,32.66206897,1.141025641
5/29/2013,2013,Blesberg3,22.689,-33.41533,Swartberg,PR_2063,intonsa,Protea_intonsa,Printo,95,4,0.03480226,1867.676833,34.06041667,1.214285714
5/29/2013,2013,Blesberg3,22.689,-33.41533,Swartberg,PR_2063,intonsa,Protea_intonsa,Printo,95,5,0.030870279,2078.16354,22.34740883,1.170212766
5/29/2013,2013,Blesberg3,22.689,-33.41533,Swartberg,PR_2063,intonsa,Protea_intonsa,Printo,95,6,0.037136166,911.0618695,19.756917,0.900900901
5/29/2013,2013,Blesberg3,22.689,-33.41533,Swartberg,PR_2063,intonsa,Protea_intonsa,Printo,95,7,0.032402235,1256.637061,28.53472222,1.163793103
5/29/2013,2013,Blesberg3,22.689,-33.41533,Swartberg,PR_2063,intonsa,Protea_intonsa,Printo,95,8,0.042291111,1298.263164,20.32744565,0.752427184
5/30/2013,2013,Blesberg4,22.69119,-33.42038,Swartberg,PR_2064,scolopendriifolia,Protea_scolopendriifolia,Prsclp,96,1,0.031305106,196.3495408,3.663689828,1.093037975
5/30/2013,2013,Blesberg4,22.69119,-33.42038,Swartberg,PR_2064,scolopendriifolia,Protea_scolopendriifolia,Prsclp,96,2,0.032111166,314.1592654,4.679829655,1.041560335
5/30/2013,2013,Blesberg4,22.69119,-33.42038,Swartberg,PR_2064,scolopendriifolia,Protea_scolopendriifolia,Prsclp,96,3,0.033612514,235.619449,2.638499506,0.988793672
5/30/2013,2013,Blesberg4,22.69119,-33.42038,Swartberg,PR_2064,scolopendriifolia,Protea_scolopendriifolia,Prsclp,96,4,0.02655633,78.53981634,2.55136226,1.162907268
5/30/2013,2013,Blesberg4,22.69119,-33.42038,Swartberg,PR_2064,scolopendriifolia,Protea_scolopendriifolia,Prsclp,96,5,0.030878129,39.26990817,2.16318328,1.1910299
6/5/2013,2013,Malmsbury,18.76767,-33.76217,CapeTown,PR_2065,odorata,Protea_odorata,Prodor,97,1,0.028097063,3298.672286,18.4600939,1
6/5/2013,2013,Malmsbury,18.76767,-33.76217,CapeTown,PR_2065,odorata,Protea_odorata,Prodor,97,2,0.02284451,353.4291735,17.68195719,0.903225806
6/5/2013,2013,Malmsbury,18.76767,-33.76217,CapeTown,PR_2065,odorata,Protea_odorata,Prodor,97,3,0.027420737,1295.90697,17.32871972,0.9375
6/5/2013,2013,Malmsbury,18.76767,-33.76217,CapeTown,PR_2065,odorata,Protea_odorata,Prodor,97,4,0.028388278,1963.495408,16.05243446,0.967741935
6/5/2013,2013,Malmsbury,18.76767,-33.76217,CapeTown,PR_2065,odorata,Protea_odorata,Prodor,97,5,0.029585799,706.8583471,13.70698925,0.825
6/5/2013,2013,Malmsbury,18.76767,-33.76217,CapeTown,PR_2065,odorata,Protea_odorata,Prodor,97,6,0.02790279,4535.674394,15.89547038,0.935483871
6/5/2013,2013,Malmsbury,18.76767,-33.76217,CapeTown,PR_2065,odorata,Protea_odorata,Prodor,97,7,0.026116838,1374.446786,15.2962963,0.947368421
6/5/2013,2013,Malmsbury,18.76767,-33.76217,CapeTown,PR_2065,odorata,Protea_odorata,Prodor,97,8,0.031559406,785.3981634,25.13108614,1.019607843
